symbol,sessions,median_half_spread_bps
A,10,1.162
AAPL,10,0.152
ABBV,10,1.349
ABNB,10,0.599
ABT,10,0.967
ACGL,10,0.518
ACN,10,1.248
ADBE,10,0.700
ADI,10,1.176
ADM,10,1.163
ADP,10,1.295
ADSK,10,1.402
AEE,10,1.428
AEP,10,0.420
AES,10,3.374
AFL,10,0.857
AIG,10,0.664
AIZ,10,5.673
AJG,10,2.316
AKAM,10,2.105
ALB,10,1.316
ALGN,10,3.126
ALL,10,2.174
ALLE,10,2.277
AMAT,10,0.630
AMCR,10,1.180
AMD,10,0.618
AME,10,2.051
AMGN,10,0.755
AMP,10,3.399
AMT,10,1.421
AMZN,10,0.202
ANET,10,1.576
AON,10,0.898
AOS,10,1.730
APA,10,1.117
APD,10,1.047
APH,10,0.643
APO,10,0.791
APP,10,1.202
APTV,10,1.144
ARE,10,1.873
ARES,10,1.985
ATO,10,2.033
AVGO,10,0.287
AVY,10,2.325
AWK,10,1.659
AXON,10,2.614
AXP,10,0.960
AZO,10,3.143
BA,10,0.632
BAC,10,0.861
BALL,10,0.832
BAX,10,2.118
BBY,10,1.581
BDX,10,1.640
BEN,10,1.505
BF.B,10,1.907
BG,10,1.479
BIIB,10,2.769
BKNG,10,0.572
BKR,10,0.873
BLDR,10,1.681
BLK,10,2.729
BMY,10,0.791
BNY,10,0.795
BR,10,2.122
BRK.B,10,1.039
BRO,10,0.805
BSX,10,1.141
BX,10,1.012
BXP,10,1.566
C,10,0.728
CAH,10,2.890
CARR,10,0.906
CASY,10,1.864
CAT,10,1.498
CB,10,1.033
CBOE,10,3.289
CBRE,10,2.163
CCI,10,0.687
CCL,10,2.241
CDNS,10,0.881
CDW,10,1.681
CEG,10,1.233
CF,10,1.477
CFG,10,0.742
CHD,10,1.061
CHRW,10,1.480
CHTR,10,1.653
CI,10,1.638
CIEN,10,1.477
CINF,10,2.953
CL,10,0.574
CLX,10,1.133
CMCSA,10,2.144
CME,10,0.546
CMG,10,1.487
CMI,10,2.092
CMS,10,0.758
CNC,10,0.779
CNP,10,1.306
COF,10,1.136
COHR,10,1.332
COIN,10,1.151
COO,10,0.919
COP,10,0.566
COR,10,1.867
COST,10,1.220
CPAY,10,2.921
CPRT,10,1.679
CPT,10,1.010
CRH,10,1.144
CRL,10,4.033
CRM,10,0.925
CRWD,10,0.616
CSCO,10,0.465
CSGP,10,1.703
CSX,10,1.044
CTAS,10,1.006
CTSH,10,0.834
CTVA,10,0.909
CVNA,10,1.090
CVS,10,0.573
CVX,10,0.720
D,10,0.785
DAL,10,0.637
DASH,10,0.779
DD,10,3.114
DDOG,10,1.883
DE,10,1.336
DECK,10,1.254
DELL,10,2.781
DG,10,1.423
DGX,10,4.649
DHI,10,1.406
DHR,10,1.530
DIS,10,0.480
DLR,10,1.645
DLTR,10,0.889
DOC,10,2.455
DOV,10,1.730
DOW,10,1.729
DPZ,10,1.831
DRI,10,2.127
DTE,10,1.377
DUK,10,0.427
DVA,10,3.967
DVN,10,1.028
DXCM,10,0.860
EBAY,10,0.696
ECHO,10,1.057
ECL,10,0.916
ED,10,0.949
EFX,10,2.763
EG,10,2.486
EIX,10,0.906
EL,10,1.537
ELV,10,1.950
EME,10,2.661
EMR,10,1.355
EOG,10,0.846
EQIX,10,2.994
EQT,10,0.981
ERIE,10,7.016
ES,10,0.745
ESS,10,3.689
ETN,10,1.274
ETR,10,0.999
EVRG,10,0.625
EW,10,0.852
EXC,10,1.182
EXE,10,0.571
EXPD,10,1.983
EXPE,10,3.538
EXR,10,1.812
F,10,3.723
FANG,10,0.731
FAST,10,1.013
FCX,10,0.703
FDS,10,5.165
FDX,10,0.993
FDXF,10,3.043
FE,10,1.102
FERG,10,2.289
FFIV,10,2.601
FICO,10,2.922
FIS,10,1.364
FISV,10,1.018
FITB,10,0.937
FIX,9,3.485
FLEX,10,0.925
FOX,10,1.294
FOXA,10,0.768
FRT,10,2.709
FSLR,10,2.541
FTNT,10,0.756
FTV,10,0.916
GD,10,1.630
GDDY,10,2.233
GE,10,1.094
GEHC,10,0.779
GEN,10,1.662
GEV,10,2.405
GILD,10,0.844
GIS,10,1.384
GL,10,6.879
GLW,10,0.956
GM,10,0.596
GNRC,10,3.334
GOOG,10,0.368
GOOGL,10,0.147
GPC,10,2.295
GPN,10,1.174
GRMN,10,5.385
GS,10,1.805
GWW,10,2.042
HAL,10,1.459
HAS,10,0.576
HBAN,10,3.133
HCA,10,1.475
HD,10,0.664
HIG,10,1.173
HII,10,1.454
HLT,10,0.894
HON,10,0.724
HONA,10,2.597
HOOD,10,0.843
HPE,10,0.851
HPQ,10,1.498
HRL,10,2.407
HSIC,10,1.144
HST,10,2.259
HSY,10,1.452
HUBB,10,1.962
HUM,10,6.951
HWM,10,1.749
IBKR,10,0.570
IBM,10,1.075
ICE,10,0.813
IDXX,10,2.872
IEX,10,2.240
IFF,10,1.193
INCY,10,1.816
INTC,10,0.497
INTU,10,0.985
INVH,10,1.838
IP,10,1.431
IQV,10,2.772
IR,10,0.692
IRM,10,1.769
ISRG,10,0.790
IT,10,5.723
ITW,10,0.651
IVZ,10,1.623
J,10,2.948
JBHT,10,2.646
JBL,10,1.865
JCI,10,0.875
JKHY,10,2.736
JNJ,10,1.115
JPM,10,0.572
KDP,10,1.589
KEY,10,2.388
KEYS,10,1.787
KHC,10,2.049
KIM,10,2.215
KKR,10,0.515
KLAC,10,0.282
KMB,10,0.511
KMI,10,1.605
KO,10,0.567
KR,10,0.835
KVUE,10,2.804
L,10,1.616
LDOS,10,2.563
LEN,10,0.648
LH,10,2.103
LHX,10,1.105
LII,10,2.051
LIN,10,0.920
LITE,10,1.968
LLY,10,2.523
LMT,9,1.981
LNT,10,0.757
LOW,10,1.026
LRCX,10,1.043
LULU,10,1.255
LUV,10,1.252
LVS,10,1.224
LYB,10,1.563
LYV,10,1.636
MA,10,1.008
MAA,10,1.652
MAR,10,1.033
MAS,10,1.086
MCD,10,0.501
MCHP,10,0.699
MCK,10,2.813
MCO,10,1.796
MDLZ,10,0.805
MDT,10,0.545
MET,10,0.517
META,10,0.689
MGM,10,1.289
MKC,10,1.008
MLM,10,2.666
MMM,10,0.909
MNST,10,1.131
MO,10,0.722
MOS,10,2.007
MPC,10,3.197
MPWR,10,1.412
MRK,10,0.687
MRNA,10,1.524
MRSH,10,1.403
MRVL,10,0.887
MS,10,0.854
MSCI,10,3.897
MSFT,10,0.402
MSI,10,2.210
MTB,10,1.880
MTD,10,4.168
MU,10,0.916
NCLH,10,3.486
NDAQ,10,0.547
NDSN,10,2.957
NEE,10,0.621
NEM,10,0.811
NFLX,10,0.661
NI,10,1.231
NKE,10,1.382
NOC,10,1.660
NOW,10,0.727
NRG,10,1.407
NSC,10,2.849
NTAP,10,1.903
NTRS,10,3.066
NUE,10,2.141
NVDA,10,0.228
NVR,10,6.030
NWS,10,1.524
NWSA,10,1.681
NXPI,10,1.874
O,10,0.873
ODFL,10,1.680
OKE,10,1.037
OMC,10,1.266
ON,10,0.697
ORCL,10,0.994
ORLY,10,0.586
OTIS,10,1.086
OXY,10,0.843
PANW,10,1.072
PAYX,10,0.867
PCAR,10,0.815
PCG,10,3.772
PEG,10,0.714
PEP,10,0.379
PFE,10,1.808
PFG,10,1.090
PG,10,0.683
PGR,10,1.402
PH,10,3.864
PHM,10,1.273
PKG,10,3.445
PLD,10,1.109
PLTR,10,0.555
PM,10,1.310
PNC,10,1.549
PNR,10,0.900
PNW,10,1.555
PODD,10,1.435
PPG,10,1.430
PPL,10,1.499
PRU,10,1.260
PSA,10,2.205
PSKY,10,4.778
PSX,10,1.701
PTC,10,2.459
PWR,10,2.713
PYPL,10,0.945
Q,10,2.731
QCOM,10,1.012
RCL,10,1.247
RDDT,10,1.706
REG,10,0.685
REGN,10,3.489
RF,10,1.752
RJF,10,2.121
RL,10,2.533
RMD,10,2.875
ROK,10,2.166
ROL,10,1.501
ROP,10,1.515
ROST,10,0.878
RSG,10,2.420
RTX,10,1.289
RVTY,10,3.095
SBAC,10,3.043
SBUX,10,0.518
SCHW,10,0.475
SHW,10,1.164
SJM,10,2.043
SLB,10,0.956
SMCI,10,1.263
SNA,10,2.668
SNDK,10,1.864
SNPS,10,1.138
SO,10,0.581
SOLV,10,3.351
SPG,10,1.840
SPGI,10,0.985
SRE,10,1.215
STE,10,3.225
STLD,10,2.828
STT,10,1.963
STX,10,1.714
STZ,10,1.447
SW,10,1.170
SWK,10,1.123
SWKS,10,0.590
SYF,10,0.677
SYK,10,1.440
SYY,10,0.634
T,10,1.960
TAP,10,1.292
TDG,10,2.095
TDY,10,4.206
TECH,10,0.691
TEL,10,2.880
TER,10,1.526
TFC,10,1.025
TGT,10,1.271
TJX,10,0.791
TKO,10,3.426
TMO,10,1.337
TMUS,10,1.398
TPL,10,4.823
TPR,10,1.277
TRGP,10,2.341
TRMB,10,0.868
TROW,10,0.969
TRV,10,1.065
TSCO,10,1.523
TSLA,10,0.482
TSN,10,0.957
TT,10,1.508
TTD,10,3.546
TTWO,10,1.438
TXN,10,0.931
TXT,10,1.237
TYL,10,1.792
UAL,10,0.916
UBER,10,0.705
UDR,10,1.457
UHS,10,3.794
ULTA,10,2.647
UNH,10,0.928
UNP,10,1.251
UPS,10,0.988
URI,10,3.509
USB,10,0.828
V,10,0.949
VEEV,10,2.482
VICI,10,2.056
VLO,10,2.468
VLTO,10,1.568
VMC,10,1.215
VMRK,10,0.798
VRSK,10,3.310
VRSN,10,3.911
VRT,10,0.894
VRTX,10,1.649
VST,10,1.245
VTR,10,0.841
VTRS,10,2.944
VZ,10,1.019
WAB,10,2.058
WAT,10,2.223
WBD,10,1.775
WDAY,10,1.453
WDC,10,1.441
WEC,10,0.960
WELL,10,1.919
WFC,10,0.575
WM,10,0.950
WMB,10,0.701
WMT,10,0.466
WRB,10,0.716
WSM,10,2.016
WST,10,4.806
WTW,10,2.250
WY,10,2.299
WYNN,10,0.605
XEL,10,0.693
XOM,10,0.617
XYL,10,1.395
XYZ,10,0.967
YUM,10,2.448
ZBH,10,1.865
ZBRA,10,5.189
ZTS,10,1.360
