date,open,high,low,close,volume,raw_close
2016-01-04,57.12,57.32,55.87,56.26,3388003,58.16
2016-01-05,56.19,56.74,55.92,56.18,1529938,58.08
2016-01-06,55.34,56.06,55.25,55.74,2206430,57.62
2016-01-07,55.44,56.92,55.35,55.79,2760784,57.67
2016-01-08,56.19,57.4,55.96,56.82,3107392,58.74
2016-01-11,57.05,57.54,54.7,55.39,2708956,57.26
2016-01-12,55.53,57.24,55.33,57.23,2241927,59.16
2016-01-13,57.36,57.96,56.33,56.43,2722804,58.33
2016-01-14,56.62,56.83,55.65,56.29,1958985,58.19
2016-01-15,54.82,55.31,54.03,54.92,2787212,56.77
2016-01-19,55.49,55.87,54.19,54.55,2624188,56.39
2016-01-20,53.95,54.71,52.15,54.2,2154464,56.03
2016-01-21,54.28,54.76,53.31,54.01,1453878,55.83
2016-01-22,54.81,55.61,54.51,55.51,1671274,57.38
2016-01-25,55.1,55.39,54.19,54.35,2913250,56.18
2016-01-26,54.37,54.86,54.09,54.68,3086646,56.52
2016-01-27,54.74,55.54,54.14,54.46,1613274,56.3
2016-01-28,54.87,55.18,53.58,54.13,2371000,55.96
2016-01-29,54.43,56.13,54.19,56.12,2491352,58.01
2016-02-01,55.51,56.09,54.91,55.74,1866011,57.62
2016-02-02,54.98,55.26,54.09,54.79,1807942,56.64
2016-02-03,55.39,55.92,54.09,55.34,1468758,57.21
2016-02-04,55.32,57.14,55.19,56.58,2365210,58.49
2016-02-05,56.46,56.52,53.24,53.5,2486794,55.31
2016-02-08,53.1,53.18,51.18,52.52,2649646,54.29
2016-02-09,51.89,52.89,51.65,51.96,2585818,53.71
2016-02-10,52.45,53.7,52.21,52.77,2049290,54.55
2016-02-11,51.83,52.56,51.65,52.19,1919848,53.95
2016-02-12,52.6,53.19,52.01,53.11,1906097,54.9
2016-02-16,53.58,54.18,53.23,53.65,3792104,55.46
2016-02-17,48.46,51.75,48.26,51.09,16127305,52.81
2016-02-18,51.27,51.72,49.24,50.45,7328044,52.15
2016-02-19,50.11,50.55,48.73,49.78,4870536,51.46
2016-02-22,50.01,50.78,49.86,50.75,3585932,52.46
2016-02-23,49.49,49.72,48.59,49,3495356,50.65
2016-02-24,48.53,50.16,48.38,50.1,3100752,51.79
2016-02-25,50.18,50.41,49.42,49.68,1991513,51.36
2016-02-26,50.13,50.47,49.65,50.31,2191932,52.01
2016-02-29,50.24,50.46,49.38,49.39,2009151,51.06
2016-03-01,49.8,49.85,49.4,49.8,2402136,51.48
2016-03-02,49.84,50.16,49.01,49.63,2356708,51.3
2016-03-03,49.45,49.61,47.97,48.37,5721406,50
2016-03-04,48.57,50.45,48.27,49.95,5377912,51.64
2016-03-07,49.57,51.68,49.54,50.89,3929725,52.61
2016-03-08,50.85,52.02,50.57,51.07,4310383,52.79
2016-03-09,51.3,51.96,51.25,51.79,4894065,53.54
2016-03-10,51.9,52.67,51.11,51.66,2818963,53.4
2016-03-11,52.11,52.3,51.44,52.25,2764836,54.01
2016-03-14,52.24,52.87,51.42,51.56,2306950,53.3
2016-03-15,51.24,51.46,50.22,50.38,2067269,52.08
2016-03-16,50.33,51.31,50.11,50.93,1591809,52.65
2016-03-17,50.87,51.16,50.22,50.59,1781123,52.3
2016-03-18,50.82,51.85,50.72,51.73,3198440,53.48
2016-03-21,51.45,51.67,50.98,51.41,1758970,53.14
2016-03-22,50.99,53.06,50.99,52.78,3280720,54.56
2016-03-23,52.76,52.77,50.52,50.94,3848027,52.66
2016-03-24,50.78,51.17,49.46,49.78,4317219,51.46
2016-03-28,50.03,50.24,49.59,49.89,2371622,51.57
2016-03-29,49.86,50.8,49.83,50.77,2823871,52.48
2016-03-30,51.13,51.27,50.81,51,1248653,52.72
2016-03-31,50.84,51.63,50.81,51.23,2126021,52.96
2016-04-01,51.07,52.55,50.88,52.32,3065568,54.08
2016-04-04,52.37,53.19,52.28,52.82,2994302,54.6
2016-04-05,52.38,52.58,51.85,52.27,1551879,54.03
2016-04-06,52.39,53.47,52.3,53.43,1765258,55.23
2016-04-07,53.98,54.64,53.83,54.15,3518692,55.98
2016-04-08,54.37,54.81,53.87,54.61,3061353,56.45
2016-04-11,54.71,55.11,53.17,53.31,2285269,55.11
2016-04-12,53.25,53.77,52.82,53.69,1604033,55.5
2016-04-13,53.67,54.12,53.37,54.09,1330895,55.91
2016-04-14,54.11,54.68,53.96,54.6,1370558,56.44
2016-04-15,54.67,55.18,54.36,55.16,2311043,57.02
2016-04-18,54.84,56.38,54.73,56.18,2546176,58.08
2016-04-19,56.24,56.53,55.71,56.15,1952574,58.04
2016-04-20,56.15,56.69,56.13,56.46,1572813,58.36
2016-04-21,56.27,56.93,56.18,56.55,1954723,58.46
2016-04-22,56.43,56.87,55.85,56.6,1834743,58.51
2016-04-25,56.51,56.97,56.03,56.66,1466081,58.57
2016-04-26,56.75,56.95,55.79,56.26,1200273,58.16
2016-04-27,56.44,56.66,55.49,55.92,1490244,57.81
2016-04-28,55.69,56.41,55.22,55.77,1462277,57.65
2016-04-29,55.25,55.44,53.61,54.31,3091963,56.14
2016-05-02,54.4,55.12,54.18,55.1,2030011,56.96
2016-05-03,54.66,55.22,54.37,55.06,1734781,56.92
2016-05-04,54.69,55,53.72,53.9,1784602,55.72
2016-05-05,53.9,54.53,53.54,53.65,2666444,55.46
2016-05-06,52.46,53.12,51.16,51.88,7124587,53.63
2016-05-09,52.07,53.75,51.75,53.62,3406355,55.43
2016-05-10,53.8,53.98,53.11,53.44,2797268,55.24
2016-05-11,53.38,53.79,52.55,52.57,1480738,54.34
2016-05-12,52.91,53.09,52.09,52.68,1842042,54.46
2016-05-13,52.5,52.83,51.97,51.99,1936946,53.74
2016-05-16,52,52.81,52,52.68,1490240,54.46
2016-05-17,52.5,52.67,51.21,51.46,2730490,53.2
2016-05-18,51.37,51.96,51.15,51.66,2053685,53.4
2016-05-19,51.51,52.02,51.12,51.87,1989878,53.62
2016-05-20,51.89,53.1,51.65,52.78,3399619,54.56
2016-05-23,52.7,53.21,52.33,52.37,1936045,54.14
2016-05-24,52.6,53.37,52.6,53.24,1260035,55.04
2016-05-25,53.26,53.84,53.25,53.5,1320483,55.31
2016-05-26,53.37,53.46,52.91,53.19,1061090,54.98
2016-05-27,53.35,53.61,53.04,53.48,1074748,55.28
2016-05-31,53.69,54.11,53.5,53.8,2569702,55.61
2016-06-01,53.77,54.02,53.58,53.8,2869039,55.62
2016-06-02,53.65,54.04,53.19,53.8,2302719,55.61
2016-06-03,53.46,53.8,53.21,53.42,1137667,55.22
2016-06-06,53.41,53.73,53.12,53.4,2006197,55.2
2016-06-07,53.43,55.27,53.43,55.11,3111416,56.97
2016-06-08,55.15,55.45,54.98,55.23,2185702,57.09
2016-06-09,55.07,55.49,54.61,55.1,1361635,56.96
2016-06-10,54.4,55.1,53.59,53.8,1798231,55.61
2016-06-13,53.9,54.57,53.67,53.9,1427401,55.72
2016-06-14,53.8,54.11,53.53,53.69,2926577,55.5
2016-06-15,53.92,54.03,52.64,52.73,2031819,54.51
2016-06-16,52.51,52.63,51.64,52.59,2320917,54.36
2016-06-17,52.62,52.64,51.83,52.09,3294433,53.85
2016-06-20,52.5,52.92,51.96,52,2016816,53.75
2016-06-21,52.24,53.18,52.04,53.02,3018728,54.81
2016-06-22,52.93,53.74,52.74,53.48,2506191,55.28
2016-06-23,54.44,55.45,54.22,55.03,3287756,56.89
2016-06-24,52.96,54.16,52.58,53.33,3386511,55.13
2016-06-27,52.93,53.01,51.59,51.96,2014401,53.71
2016-06-28,52.28,53.4,52.03,53.28,1592635,55.08
2016-06-29,53.5,55.83,53.4,55.6,2910718,57.48
2016-06-30,55.79,56.82,55.5,56.69,3446286,58.6
2016-07-01,56.57,57.21,56.36,56.99,1999684,58.91
2016-07-05,56.35,56.61,55.94,56.36,2425983,58.26
2016-07-06,56.21,56.97,55.71,56.87,2180482,58.79
2016-07-07,56.81,57.78,56.15,57.66,3660353,59.61
2016-07-08,58.03,58.81,57.6,58.64,2587311,60.62
2016-07-11,58.61,59.52,58.12,58.14,1836920,60.1
2016-07-12,58.11,59.26,58.06,58.76,2363610,60.74
2016-07-13,59.15,59.2,58.26,58.39,2713537,60.36
2016-07-14,58.87,58.97,58.12,58.82,1668289,60.8
2016-07-15,59.04,59.25,58.55,58.6,1871354,60.58
2016-07-18,58.51,58.94,58.43,58.9,1121159,60.89
2016-07-19,58.57,59.11,58.53,58.65,1485712,60.63
2016-07-20,59.04,60.25,58.86,60.02,1900000,62.04
2016-07-21,59.73,60.31,59.67,59.97,1684893,61.99
2016-07-22,60.1,60.13,59.25,59.93,1609275,61.95
2016-07-25,59.77,60.07,59.42,60.04,1316047,62.07
2016-07-26,60.08,60.34,59.76,60.22,956864,62.25
2016-07-27,60.11,60.25,59.45,59.93,1478321,61.95
2016-07-28,59.99,60.57,59.92,60.21,1507347,62.24
2016-07-29,60.28,60.66,60,60.35,2210788,62.39
2016-08-01,60.3,60.66,59.98,60.19,1980960,62.22
2016-08-02,60.03,60.43,59.37,59.93,3470235,61.95
2016-08-03,61.61,64.56,60.61,64.14,8270616,66.3
2016-08-04,63.82,64.84,63.77,64.14,2787870,66.3
2016-08-05,64.14,65.24,63.58,64.69,2537443,66.87
2016-08-08,64.67,65.28,64.36,65.13,2029639,67.33
2016-08-09,65.19,65.3,64.69,64.73,1754475,66.91
2016-08-10,65,65.15,64.19,64.76,1366672,66.94
2016-08-11,64.46,65.06,64.33,64.87,1587483,67.06
2016-08-12,64.54,64.79,64.02,64.28,2208331,66.45
2016-08-15,64.29,64.61,63.92,64.44,3174146,66.61
2016-08-16,64.41,64.5,63.55,63.83,1686626,65.98
2016-08-17,64.08,64.09,62.8,63.23,2565143,65.36
2016-08-18,63.22,63.36,62.79,63.02,2108069,65.15
2016-08-19,63.02,63.03,62.34,62.6,2287164,64.71
2016-08-22,62.53,62.96,62.11,62.51,1896737,64.62
2016-08-23,62.91,63.57,62.45,62.49,1256951,64.6
2016-08-24,62.1,62.85,62.04,62.39,1728547,64.5
2016-08-25,62.31,62.74,61.69,62.37,1450852,64.47
2016-08-26,62.23,62.77,62.02,62.53,1374876,64.64
2016-08-29,62.33,63.11,61.94,62.88,2037750,65
2016-08-30,62.85,63.04,62.37,62.64,1502661,64.75
2016-08-31,62.63,62.8,60.95,62.43,1317203,64.54
2016-09-01,62.64,63.01,61.95,62.89,1443553,65.01
2016-09-02,63.14,63.19,62.34,62.66,1101959,64.77
2016-09-06,62.62,62.87,62.29,62.84,988469,64.96
2016-09-07,62.83,63.15,62.63,62.88,755068,65
2016-09-08,62.21,62.58,61.62,62.05,2107361,64.14
2016-09-09,61.58,61.88,60.11,60.19,4326580,62.22
2016-09-12,60.07,60.88,59.61,60.76,1931615,62.81
2016-09-13,60.36,60.51,59.27,59.92,1936202,61.94
2016-09-14,59.77,60.33,59.48,60.16,2035603,62.19
2016-09-15,60.13,61.07,59.99,60.72,1850184,62.77
2016-09-16,60.75,60.77,59.8,60,4974787,62.02
2016-09-19,60.26,60.47,59.43,59.47,1503972,61.48
2016-09-20,59.68,60.34,59.54,60.08,1867421,62.11
2016-09-21,60.07,60.44,59.69,60.33,1415517,62.37
2016-09-22,60.76,61.02,60.53,60.92,1567471,62.98
2016-09-23,60.61,61.12,60.54,60.7,2175552,62.75
2016-09-26,60.35,60.46,59.73,59.92,1672982,61.94
2016-09-27,59.91,60.37,59.82,60.12,1309274,62.15
2016-09-28,60.28,60.49,59.84,60.41,1262217,62.45
2016-09-29,60.39,60.39,59.43,59.52,963406,61.53
2016-09-30,59.85,60.03,59.19,59.73,2924540,61.75
2016-10-03,59.61,59.71,58.8,59.42,1479503,61.42
2016-10-04,59.42,59.74,58.79,58.93,1327995,60.92
2016-10-05,59.02,59.55,59.02,59.25,1681968,61.25
2016-10-06,58.9,59.42,58.69,58.87,1052564,60.86
2016-10-07,59.17,59.23,58.59,59.13,1270351,61.13
2016-10-10,59.47,59.89,59.42,59.77,1202214,61.79
2016-10-11,60.49,60.49,58.29,58.75,1713255,60.73
2016-10-12,58.88,59.45,58.77,59.03,1623601,61.02
2016-10-13,58.62,59.39,58.25,59.26,2126623,61.26
2016-10-14,59.49,59.8,58.78,58.96,1317894,60.95
2016-10-17,58.94,59.05,58.59,58.84,1755923,60.83
2016-10-18,59.41,59.73,59.14,59.15,944391,61.15
2016-10-19,58.21,59.15,58.2,58.69,725398,60.67
2016-10-20,58.75,59.21,58.52,59.01,1198786,61
2016-10-21,58.7,58.88,56.5,56.55,3370835,58.46
2016-10-24,56.82,57.79,56.59,57.39,2779431,59.33
2016-10-25,57.39,57.68,56.85,56.98,2235090,58.9
2016-10-26,56.85,56.85,56.04,56.34,1798112,58.24
2016-10-27,56.47,56.59,55.69,55.87,1570279,57.76
2016-10-28,55.48,56.68,55.44,56.49,1854422,58.4
2016-10-31,56.76,56.88,56.22,56.67,2917142,58.58
2016-11-01,56.61,56.72,55.05,55.47,5073508,57.34
2016-11-02,51.61,52.71,51.06,51.42,12649581,53.15
2016-11-03,52.49,52.49,51.07,51.09,4019013,52.81
2016-11-04,50.71,51.39,50.3,50.61,3690471,52.32
2016-11-07,50.59,51.06,49.06,50.93,5518716,52.65
2016-11-08,51.09,51.13,50.48,50.93,2889980,52.65
2016-11-09,48.58,49.46,47.94,49.14,9492088,50.8
2016-11-10,49.69,49.85,47.68,47.82,7855750,49.435
2016-11-11,47.85,48.08,46.51,46.89,6493957,48.47
2016-11-14,47.18,48.19,46.94,47.09,6476721,48.68
2016-11-15,47.06,47.72,46.47,47.59,5218404,49.2
2016-11-16,47.5,47.7,47.28,47.33,4241880,48.93
2016-11-17,47.41,48.37,47.07,47.97,10059770,49.59
2016-11-18,47.87,48.27,47.82,47.92,4000864,49.535
2016-11-21,47.88,48.98,47.88,48.86,3472562,50.51
2016-11-22,48.87,48.98,48.13,48.43,4470208,50.06
2016-11-23,48.38,48.97,48.37,48.86,5046318,50.51
2016-11-25,49,49.25,48.79,48.84,1385968,50.49
2016-11-28,48.75,49.39,48.71,49.21,2779773,50.87
2016-11-29,49.08,49.44,47.91,48.15,6095019,49.77
2016-11-30,48.28,48.76,47.57,48.16,3926791,49.78
2016-12-01,47.84,48.24,46,46.41,5155284,47.98
2016-12-02,46.37,47.03,45.92,46.29,3290352,47.85
2016-12-05,46.66,47.1,46.51,46.77,3216921,48.35
2016-12-06,47.04,47.05,45.91,46,4140653,47.55
2016-12-07,46.05,46.7,45.85,46.43,3743556,48
2016-12-08,46.39,46.67,46.21,46.51,1783240,48.08
2016-12-09,46.53,46.95,46.45,46.83,1713744,48.41
2016-12-12,46.69,47.32,46.54,47.29,3079271,48.89
2016-12-13,45.91,47.04,45.48,46.64,4556308,48.21
2016-12-14,46.63,47.69,46.39,46.44,4982428,48.01
2016-12-15,48.27,48.65,47.21,47.55,4770660,49.15
2016-12-16,47.51,47.58,46.88,47.32,5949823,48.92
2016-12-19,47.21,47.62,46.99,47.1,1606104,48.69
2016-12-20,46.93,47.36,46.6,46.92,2303128,48.5
2016-12-21,46.98,47.1,46.45,46.96,2412469,48.54
2016-12-22,46.82,46.93,46.04,46.25,2024302,47.81
2016-12-23,46.42,47.18,46.31,46.47,1525385,48.04
2016-12-27,46.49,47.21,46.48,46.7,1550794,48.28
2016-12-28,46.71,46.82,45.82,45.92,1719997,47.47
2016-12-29,45.92,46.56,45.92,46.36,1508707,47.92
2016-12-30,46.43,46.68,45.67,45.82,2056076,47.37
2017-01-03,46.14,47.85,46.03,47.79,2890879,49.4
2017-01-04,47.52,47.61,46.24,46.37,4105768,47.93
2017-01-05,46.41,46.7,46.03,46.09,3364136,47.65
2017-01-06,46.25,46.34,45.55,46,3895794,47.55
2017-01-09,45.99,46.58,45.62,46.42,3292291,47.99
2017-01-10,46.94,48.14,46.72,47.66,4471818,49.27
2017-01-11,47.66,48.93,47.66,48.86,5484219,50.51
2017-01-12,48.67,49.68,48.49,49.64,2993641,51.31
2017-01-13,49.7,49.87,49.35,49.67,2533839,51.35
2017-01-17,49.65,50.88,49.41,50.83,4621884,52.54
2017-01-18,51.09,51.15,50.24,50.58,3597476,52.29
2017-01-19,50.33,50.33,49.65,49.95,2346296,51.64
2017-01-20,50.08,50.26,49.17,50.18,3062131,51.87
2017-01-23,50.17,50.17,48.86,49.13,2307183,50.79
2017-01-24,49.27,49.66,48.69,49.55,2031303,51.22
2017-01-25,49.68,50.59,49.66,50.56,2046581,52.27
2017-01-26,50.56,50.77,50.24,50.73,2088903,52.44
2017-01-27,50.86,51.34,50.61,51.29,1714396,53.02
2017-01-30,51.2,51.27,50.86,51.21,2241999,52.94
2017-01-31,51.05,52,51.05,51.96,2273307,53.71
2017-02-01,51.86,52.16,51.59,52.1,2878102,53.86
2017-02-02,52.05,52.34,51.58,51.87,4403826,53.62
2017-02-03,51.66,51.98,50.46,51.91,4541443,53.66
2017-02-06,51.74,52.32,51.51,52.29,3064448,54.05
2017-02-07,52.31,52.31,51.56,51.85,3549595,53.6
2017-02-08,51.53,51.91,50.99,51.2,3664369,52.93
2017-02-09,51.43,52.34,51.27,52.12,3044465,53.88
2017-02-10,49.82,50.99,49.62,49.82,8584190,51.5
2017-02-13,49.85,50.83,49.59,50.81,3897183,52.52
2017-02-14,50.91,52.8,50.9,52.77,4845802,54.55
2017-02-15,52.64,53.47,52.58,53.27,3704921,55.07
2017-02-16,53.21,53.82,52.99,53.8,2933351,55.61
2017-02-17,53.69,54.4,53.39,54.32,2969186,56.15
2017-02-21,54.29,54.74,53.2,53.47,3153670,55.27
2017-02-22,53.64,54.12,53.4,53.56,1952804,55.37
2017-02-23,53.56,53.76,53.29,53.58,1521376,55.39
2017-02-24,52.78,53.81,52.66,53.8,1919120,55.61
2017-02-27,53.75,53.88,52.91,53.54,1540795,55.35
2017-02-28,53.54,53.72,53.11,53.24,2819670,55.04
2017-03-01,53.67,53.78,53.01,53.64,2007909,55.45
2017-03-02,53.52,53.79,53.21,53.76,2645635,55.57
2017-03-03,53.74,53.96,53.43,53.92,2041145,55.74
2017-03-06,53.79,53.85,53.27,53.28,3098172,55.08
2017-03-07,53.11,53.39,52.78,53.18,3248766,54.97
2017-03-08,53.19,53.28,52.25,52.6,3555403,54.37
2017-03-09,52.81,53.04,52.32,52.98,3026817,54.77
2017-03-10,53.3,53.67,52.89,53.44,3336079,55.24
2017-03-13,53.49,53.72,53.09,53.67,1685757,55.48
2017-03-14,53.49,53.58,52.71,53.29,3185059,55.09
2017-03-15,53.43,54.02,53.34,53.89,3136524,55.71
2017-03-16,53.93,54.56,53.69,54.51,2969915,56.35
2017-03-17,54.71,55.17,54.3,54.76,6801678,56.61
2017-03-20,54.83,54.93,54.48,54.72,2799837,56.57
2017-03-21,54.92,55.19,54.41,54.96,3214786,56.81
2017-03-22,55.05,55.14,54.36,54.56,3585425,56.4
2017-03-23,54.54,54.98,54.34,54.69,2500292,56.53
2017-03-24,54.94,56.23,54.67,55.88,3939207,57.77
2017-03-27,55.73,57.55,55.6,57.35,6706928,59.28
2017-03-28,57.19,57.48,57.05,57.33,2222171,59.26
2017-03-29,57.09,57.88,56.99,57.21,3110055,59.14
2017-03-30,57,57.29,56.62,57.24,2857112,59.17
2017-03-31,57.2,57.32,56.81,56.94,2779075,58.86
2017-04-03,56.9,57.21,56.5,57.07,5210429,59
2017-04-04,56.9,57.25,56.66,57.22,3010395,59.15
2017-04-05,57.27,58.02,57,57.13,2676510,59.06
2017-04-06,57.15,57.57,56.94,57.55,3292290,59.49
2017-04-07,57.59,57.84,57.05,57.65,3113188,59.6
2017-04-10,57.63,57.66,57.11,57.31,1774239,59.24
2017-04-11,57.25,57.74,57.09,57.69,2422311,59.64
2017-04-12,57.19,57.83,56.61,56.85,2386035,58.77
2017-04-13,56.78,57.06,56.57,56.7,1666210,58.61
2017-04-17,56.62,57.07,56.48,56.86,2308313,58.78
2017-04-18,56.84,56.85,56.19,56.41,1757727,58.31
2017-04-19,56.7,57.11,56.6,56.76,2458021,58.67
2017-04-20,56.83,57.54,56.47,57.41,1566519,59.35
2017-04-21,57.44,57.54,56.76,57.05,1572459,58.97
2017-04-24,57.56,57.56,56.73,57.36,2527090,59.29
2017-04-25,57.37,58.28,57.2,57.51,2788399,59.45
2017-04-26,57.69,58,57.51,57.59,4138030,59.53
2017-04-27,57.58,58.49,57.43,58.1,5013223,60.06
2017-04-28,60.55,64.11,60.13,62.64,10961629,64.75
2017-05-01,62.52,63.66,62.33,63.14,3677837,65.27
2017-05-02,62.72,63.63,62.39,63.15,4965583,65.28
2017-05-03,63.2,63.21,62.13,62.18,3231170,64.28
2017-05-04,62.22,62.51,61.34,62.03,3112395,64.12
2017-05-05,62.29,62.95,62.01,62.77,5059763,64.89
2017-05-08,62.78,62.9,62.39,62.5,5179421,64.61
2017-05-09,62.39,63.18,62.19,62.73,4665766,64.85
2017-05-10,62.64,63.11,62.1,62.62,2089602,64.73
2017-05-11,62.63,62.82,62.03,62.64,2494875,64.75
2017-05-12,62.69,62.77,61.83,62.26,2024518,64.36
2017-05-15,62.64,62.79,62.1,62.19,7038500,64.29
2017-05-16,62.3,62.94,62.26,62.71,2575753,64.83
2017-05-17,62.1,62.24,61.54,61.58,2318895,63.66
2017-05-18,61.61,62.11,61.39,61.74,4136210,63.82
2017-05-19,61.69,62.29,61.5,62.01,4420639,64.1
2017-05-22,61.96,62.65,61.91,62.47,2927745,64.58
2017-05-23,62.61,62.78,62.19,62.56,3786942,64.67
2017-05-24,62.7,62.77,62.2,62.26,1361577,64.36
2017-05-25,62.56,63.07,62.44,62.98,1629868,65.1
2017-05-26,63.02,63.05,62.62,62.83,2213470,64.95
2017-05-30,62.67,63.33,62.26,63.29,2843144,65.43
2017-05-31,63.27,63.44,62.76,63.22,3523594,65.35
2017-06-01,63.36,64.68,63.28,64.52,1561658,66.7
2017-06-02,64.56,65.46,64.27,65.22,1964842,67.42
2017-06-05,65.42,67.02,64.88,65.69,4007110,67.91
2017-06-06,65.72,66.99,65.54,66,2792510,68.23
2017-06-07,66.12,66.5,65.56,65.95,2001894,68.17
2017-06-08,65.9,66.19,65.36,65.89,1349205,68.11
2017-06-09,65.79,65.94,63.89,64.12,2330300,66.28
2017-06-12,65.17,65.17,62.68,63.64,3178332,65.79
2017-06-13,63.67,64.47,63.56,64.3,1610687,66.47
2017-06-14,64.36,64.79,63.32,63.8,1222015,65.95
2017-06-15,63.41,63.91,63.02,63.78,2210332,65.93
2017-06-16,63.74,64.13,63.39,63.88,3894976,66.04
2017-06-19,64.01,65.2,63.74,65.14,1366999,67.34
2017-06-20,65.12,65.26,64.62,64.67,1161772,66.85
2017-06-21,64.81,65.32,64.68,64.96,1008161,67.15
2017-06-22,64.71,65.51,64.59,65.14,1089074,67.34
2017-06-23,65.36,66.18,64.96,66.09,2785651,68.32
2017-06-26,66.1,66.47,64.96,65.11,1506436,67.31
2017-06-27,65.02,65.19,64.12,64.17,1423619,66.34
2017-06-28,64.39,65.09,63.78,64.96,1101194,67.15
2017-06-29,64.87,64.95,63.23,63.97,2089365,66.13
2017-06-30,64.35,64.65,64,64.3,1665073,66.47
2017-07-03,64.6,64.79,63,63.36,1425201,65.5
2017-07-05,63.53,64.71,63.21,64.41,1243672,66.58
2017-07-06,64.02,64.4,62.83,62.91,1598854,65.03
2017-07-07,63.16,63.88,63.05,63.59,2381346,65.74
2017-07-10,63.34,63.5,62.51,63.21,2987146,65.34
2017-07-11,63.05,63.32,62.72,63.18,1529823,65.31
2017-07-12,64,64.33,63.43,63.57,1409084,65.71
2017-07-13,63.79,63.8,62.67,63.09,1004093,65.22
2017-07-14,63.22,63.84,63.18,63.68,1146345,65.83
2017-07-17,63.7,64.28,63.42,64.07,2414125,66.23
2017-07-18,64.01,64.06,63.34,64,1129558,66.16
2017-07-19,64.17,64.17,63.32,63.43,1075372,65.57
2017-07-20,63.49,63.78,63.13,63.32,1160999,65.46
2017-07-21,63.08,63.68,62.99,63.25,1285482,65.38
2017-07-24,63.12,63.62,62.88,63.59,1112630,65.74
2017-07-25,63.67,63.82,63.18,63.41,1573164,65.55
2017-07-26,63.43,63.75,62.33,62.51,1623348,64.62
2017-07-27,61.35,61.99,60.53,61.45,3483401,63.52
2017-07-28,62.49,63.47,62.08,62.49,3055945,64.6
2017-07-31,62.38,63.27,61.95,62.27,2079035,64.37
2017-08-01,62.38,62.85,62.06,62.69,1755972,64.81
2017-08-02,62.69,62.73,61.8,61.99,1856588,64.08
2017-08-03,61.81,62.19,61.19,61.51,1884500,63.58
2017-08-04,61.49,61.88,60.85,61.02,1402030,63.08
2017-08-07,61.08,61.57,60.69,61.31,1812858,63.38
2017-08-08,61.12,61.42,60.81,61.1,1372944,63.16
2017-08-09,60.91,60.99,60.32,60.45,1813525,62.49
2017-08-10,60.54,60.66,59.54,59.59,1757612,61.6
2017-08-11,59.83,60.29,59.52,60.08,1273252,62.11
2017-08-14,60.32,61.19,60.32,60.86,1433052,62.91
2017-08-15,60.91,61.53,60.62,61.37,1199022,63.44
2017-08-16,61.38,61.92,61.09,61.87,1851719,63.96
2017-08-17,61.73,62.58,61.23,61.29,2750578,63.36
2017-08-18,61.21,62.46,61.13,62.15,2432931,64.25
2017-08-21,62.1,62.85,61.61,62.81,2106521,64.93
2017-08-22,62.89,63.41,62.65,63.24,1437412,65.37
2017-08-23,63.09,63.26,62.49,62.66,1586474,64.77
2017-08-24,62.67,63.23,62.26,62.93,1727241,65.05
2017-08-25,63.21,63.36,62.89,63.12,1332747,65.25
2017-08-28,63.17,63.35,62.35,62.52,1850687,64.63
2017-08-29,62.17,63.62,61.93,63.14,1577579,65.27
2017-08-30,63.05,64.13,62.74,63.97,1324197,66.13
2017-08-31,64.1,65.64,63.84,65.57,2436944,67.78
2017-09-01,65.65,66.19,64.91,66.05,1626270,68.28
2017-09-05,65.75,66.22,64.73,65.35,2768303,67.55
2017-09-06,65.67,66.04,65.1,65.42,1609863,67.63
2017-09-07,65.5,67.63,65.44,66.75,3821876,69
2017-09-08,66.91,67.57,66.54,67.09,1946069,69.35
2017-09-11,67.34,68.2,66.91,68.19,2782052,70.49
2017-09-12,68.06,68.75,67.6,68.66,1835691,70.98
2017-09-13,68.39,68.81,67.96,68.21,1978161,70.51
2017-09-14,67.72,69.91,67.49,69.59,4132381,71.94
2017-09-15,69.57,69.83,68.93,69.15,9308683,71.48
2017-09-18,69.1,69.1,66.82,67.04,7839699,69.3
2017-09-19,67.89,68.01,67.15,67.39,3211932,69.66
2017-09-20,67.5,67.67,66.62,67.43,1868072,69.7
2017-09-21,67.39,67.67,66.94,67.21,1379058,69.48
2017-09-22,67.06,67.44,66.72,67.36,1469920,69.63
2017-09-25,67.19,67.47,66.44,67.13,1688917,69.39
2017-09-26,67.24,67.72,66.83,67.59,2584578,69.87
2017-09-27,67.72,69.16,67.57,68.75,2134752,71.07
2017-09-28,68.33,69.05,68.23,68.47,2803786,70.78
2017-09-29,68.63,69.13,68.34,68.99,2009596,71.32
2017-10-02,69.02,70.44,69,69.97,2180886,72.33
2017-10-03,69.84,70.39,69.56,69.7,1827736,72.05
2017-10-04,69.67,70.05,69.24,69.45,1295790,71.79
2017-10-05,69.67,69.7,68.91,69.22,1797897,71.56
2017-10-06,69.2,69.55,68.93,69.19,1147580,71.52
2017-10-09,69.19,69.38,68.96,69.11,1212006,71.44
2017-10-10,69.28,69.31,68.94,69.08,2428728,71.41
2017-10-11,68.76,69.24,68.6,69.19,1782747,71.52
2017-10-12,69.3,69.72,69.06,69.41,2137037,71.75
2017-10-13,70.68,71.45,69.72,71.17,2434924,73.57
2017-10-16,71.1,71.17,69.13,69.73,2776460,72.08
2017-10-17,69.62,70.43,69.55,70.14,2562885,72.51
2017-10-18,70.04,70.38,69.8,70.32,854525,72.69
2017-10-19,70.29,70.95,69.85,70.42,1438089,72.8
2017-10-20,70.38,70.98,70.14,70.63,3785427,73.01
2017-10-23,70.83,71.06,69.96,70.09,2177293,72.45
2017-10-24,70.62,70.65,69.81,70.02,3810067,72.38
2017-10-25,69.73,70.1,69.38,69.46,2502197,71.8
2017-10-26,69.79,69.81,68.81,68.99,3046270,71.32
2017-10-27,62.32,63.36,60.8,63.18,8066046,65.31
2017-10-30,62.9,64.44,62.63,64.29,3540963,66.46
2017-10-31,65.31,66.73,65.14,65.32,3531954,67.52
2017-11-01,65.52,65.68,62.75,63.35,3443226,65.49
2017-11-02,62.95,63.6,62.64,63.33,2770835,65.47
2017-11-03,63.26,63.69,63.08,63.29,2008492,65.43
2017-11-06,63.23,63.66,62.94,63.57,1576705,65.71
2017-11-07,63.68,64.08,63.53,63.77,1544401,65.92
2017-11-08,63.7,64.3,63.46,64.12,1470868,66.28
2017-11-09,63.72,63.95,62.58,63.34,1599425,65.48
2017-11-10,63.18,63.42,62.81,63.18,1483073,65.31
2017-11-13,63,63.41,62.85,63.33,1743927,65.47
2017-11-14,63.31,63.48,62.68,62.95,1219062,65.07
2017-11-15,62.7,63.02,62.14,62.67,1337901,64.78
2017-11-16,62.66,63.62,62.51,63.4,1174919,65.54
2017-11-17,63.39,63.94,62.96,63.27,1891679,65.4
2017-11-20,63.21,63.63,63,63.58,2085362,65.73
2017-11-21,63.88,64.55,63.4,64.5,2175359,66.68
2017-11-22,64.6,69.1,64.11,67.74,8906832,70.03
2017-11-24,68.17,68.5,67.39,68.27,2182948,70.57
2017-11-27,68.32,68.57,66.94,67.25,3492527,69.52
2017-11-28,67.24,67.61,65.98,67.47,3317163,69.75
2017-11-29,67.63,68.31,67.31,67.49,2312656,69.77
2017-11-30,67.66,68.65,67.53,68.38,3483624,70.69
2017-12-01,68.04,68.46,66.82,67.88,1466169,70.17
2017-12-04,68.04,68.37,67.28,67.51,2911840,69.79
2017-12-05,67.77,68.23,67.51,67.8,1974596,70.09
2017-12-06,67.84,68.16,67.09,67.31,1318337,69.58
2017-12-07,67.18,67.71,66.78,67.66,2216253,69.94
2017-12-08,68.02,68.2,67.51,68.12,1566412,70.42
2017-12-11,67.94,68.34,67.72,67.84,1560553,70.13
2017-12-12,67.73,68.19,67.49,68.06,1120358,70.36
2017-12-13,68.28,68.44,67.05,67.39,3742496,69.66
2017-12-14,67.47,67.92,66.31,66.33,1855008,68.57
2017-12-15,66.51,67.32,65.97,67.15,4647015,69.42
2017-12-18,67.51,67.99,66.54,66.73,1981973,68.98
2017-12-19,66.56,67.28,66.37,66.39,1673387,68.63
2017-12-20,66.84,66.87,66.16,66.28,1965725,68.52
2017-12-21,66.36,66.67,65.6,65.67,2288764,67.89
2017-12-22,65.59,65.78,64.95,65.18,2685746,67.38
2017-12-26,65.27,65.78,64.93,65.47,1468511,67.68
2017-12-27,65.6,65.98,65.24,65.4,1516535,67.61
2017-12-28,65.61,65.77,65.06,65.71,1143542,67.93
2017-12-29,65.52,65.82,65.18,65.19,1209537,67.39
2018-01-02,65.35,66.75,65.34,66.33,1466446,68.57
2018-01-03,66.3,66.91,66.26,66.82,1239834,69.07
2018-01-04,66.98,67.12,66.11,66.76,1145045,69.01
2018-01-05,67.26,68.24,66.92,68.23,2792996,70.53
2018-01-08,67.83,68.46,67.73,68.29,1304477,70.59
2018-01-09,68.27,69.46,68.01,69.36,1901969,71.7
2018-01-10,69.32,70.25,68.65,69.99,2045281,72.35
2018-01-11,69.89,71.03,69.84,70.27,1634852,72.64
2018-01-12,70.3,70.77,69.7,70.58,2139547,72.96
2018-01-16,69.89,70.04,68.26,68.32,2395063,70.62
2018-01-17,68.89,68.92,67.79,67.99,2152376,70.28
2018-01-18,67.99,68.2,66.61,67.22,2621791,69.49
2018-01-19,67.14,67.14,65.94,66.66,3562717,68.91
2018-01-22,67.01,67.14,66.38,66.87,2703414,69.13
2018-01-23,66.65,67.58,66.39,66.93,3067280,69.19
2018-01-24,67.3,67.43,65.43,65.49,3773592,67.7
2018-01-25,65.92,66.57,65.71,65.83,2709026,68.05
2018-01-26,66.18,66.56,65.9,66.36,2519524,68.6
2018-01-29,66.25,66.8,65.86,66.49,2685914,68.73
2018-01-30,67.39,67.62,65.91,67.1,3673163,69.36
2018-01-31,67.23,67.5,66.58,66.87,2582893,69.13
2018-02-01,66.64,66.81,65.73,66.06,1459195,68.29
2018-02-02,65.62,65.79,64.21,64.22,2595189,66.39
2018-02-05,64.23,64.52,61.33,61.34,4322366,63.41
2018-02-06,60.65,62.16,59.23,61.9,5499130,63.99
2018-02-07,60.45,62.46,59.52,61.41,6527750,63.48
2018-02-08,61.21,61.42,59.18,59.22,3351689,61.22
2018-02-09,59.55,60.2,57.8,59.31,4106711,61.31
2018-02-12,59.67,61.05,59.27,60.45,3088622,62.49
2018-02-13,60.01,60.75,58.81,60.45,2872039,62.49
2018-02-14,60.17,60.85,59.91,60.19,3132101,62.22
2018-02-15,60.65,62.34,60.12,62.3,2461702,64.4
2018-02-16,62.3,62.71,61.9,62.12,1885247,64.22
2018-02-20,61.9,62.39,60.87,60.94,1633454,63
2018-02-21,61.01,62.38,60.92,61.3,1636261,63.37
2018-02-22,61.34,62.03,60.68,60.86,2210947,62.91
2018-02-23,61.17,62.43,60.78,62.42,1855081,64.53
2018-02-26,62.57,62.88,61.9,62.15,1598303,64.25
2018-02-27,62.43,63.28,61.86,61.86,3037872,63.95
2018-02-28,62.19,63.04,61.96,62.07,2718666,64.16
2018-03-01,62.17,62.71,59.97,60.33,2717354,62.37
2018-03-02,60.11,61.22,60.07,60.89,4084733,62.94
2018-03-05,60.71,62.41,60.51,62.23,4171351,64.33
2018-03-06,62.53,62.93,62.32,62.86,2793182,64.98
2018-03-07,62.59,63.15,61.95,62.92,2148091,65.04
2018-03-08,62.87,63,61.33,61.58,3179774,63.66
2018-03-09,61.92,62.86,61.69,62.79,2069053,64.91
2018-03-12,62.8,62.95,62.35,62.53,1718242,64.64
2018-03-13,62.06,62.83,60.51,60.99,2323942,63.05
2018-03-14,60.94,61.16,59.64,60.02,4117365,62.04
2018-03-15,60.13,60.24,59.4,59.76,2500253,61.78
2018-03-16,59.87,60.14,58.71,59.26,5243358,61.26
2018-03-19,58.87,59.04,57.74,58.42,3326313,60.39
2018-03-20,58.57,58.83,57.38,57.5,3879785,59.44
2018-03-21,57.66,58.78,57.57,57.91,4995694,59.86
2018-03-22,56.57,57.53,55.57,55.59,2637116,57.47
2018-03-23,55.69,56.31,54.65,54.67,2670427,56.51
2018-03-26,55.33,55.92,54.8,55.88,3252638,57.77
2018-03-27,56.23,56.5,55.29,55.77,4633993,57.65
2018-03-28,55.98,57.12,55.98,56.73,5083085,58.64
2018-03-29,56.38,57.01,55.96,56.11,4800561,58
2018-04-02,55.6,56.16,54.18,55.24,4927620,57.1
2018-04-03,55.51,55.64,53.49,54.79,6979433,56.64
2018-04-04,54.47,55.99,54.31,55.83,3883160,57.71
2018-04-05,56.05,56.53,55.75,56.22,3510899,58.12
2018-04-06,55.9,56.14,54.32,54.58,3370762,56.42
2018-04-09,55,55.5,54.69,54.72,4175926,56.57
2018-04-10,55.26,55.51,54.62,54.89,2750951,56.74
2018-04-11,54.35,55.56,54.33,55.02,2896086,56.88
2018-04-12,55.33,55.53,54.89,55.3,1718127,57.17
2018-04-13,55.68,55.68,54.71,55.05,1883834,56.91
2018-04-16,55.43,56.29,55.12,56.05,2074747,57.94
2018-04-17,56.58,57.37,55.93,57.11,3415744,59.04
2018-04-18,57.39,57.51,57.06,57.36,2004909,59.29
2018-04-19,57.03,57.28,56.56,57,2158166,58.92
2018-04-20,56.77,57.06,56.24,56.33,2663761,58.23
2018-04-23,57.5,57.5,56.18,56.65,2459970,58.56
2018-04-24,56.95,57.07,55.53,56.05,2570371,57.94
2018-04-25,55.87,56.5,55.48,56.44,1884304,58.34
2018-04-26,56.7,57.28,56.24,57.06,2724344,58.99
2018-04-27,57.1,57.62,56.94,57.49,1850537,59.43
2018-04-30,57.65,57.72,56.35,56.35,3380808,58.25
2018-05-01,56.32,56.9,55.86,56.89,1809282,58.81
2018-05-02,56.39,56.39,56.05,56.05,211453,57.94
2018-05-03,51.27,53.29,51.27,53.29,333833,55.09
2018-05-04,52.97,55.74,52.97,55.37,4790173,57.24
2018-05-07,55.87,57.04,55.7,56.17,4799033,58.06
2018-05-08,55.93,57.27,55.73,56.84,4307214,58.76
2018-05-09,56.92,57.89,56.66,57.41,3150652,59.35
2018-05-10,57.57,58.37,57.41,58.3,2776945,60.27
2018-05-11,58.52,58.96,58.35,58.84,3542769,60.83
2018-05-14,58.68,58.72,56.77,57.12,2506726,59.05
2018-05-15,56.71,56.87,56.02,56.4,2454315,58.3
2018-05-16,56.57,58.29,56.32,58.01,3058715,59.97
2018-05-17,57.87,59.19,57.87,58.64,2474131,60.62
2018-05-18,60.94,61.16,59.01,59.34,5202949,61.34
2018-05-21,59.59,59.9,58.67,58.77,3509501,60.75
2018-05-22,58.83,59.08,56.05,57.77,2015788,59.72
2018-05-23,57.36,57.79,56.89,57.53,1888008,59.47
2018-05-24,57.38,57.73,56.58,57.5,1696323,59.44
2018-05-25,57.65,58.62,57.65,57.98,1442547,59.94
2018-05-29,57.39,58.03,57.1,57.53,1988027,59.47
2018-05-30,57.81,58.53,57.07,58.21,1322632,60.17
2018-05-31,58.1,58.25,57.55,57.73,2294871,59.68
2018-06-01,58.15,58.15,57.53,57.78,2025499,59.73
2018-06-04,57.92,58,57.28,57.8,1617890,59.75
2018-06-05,57.94,58.6,57.77,58.42,1389000,60.39
2018-06-06,58.56,59.44,58.45,59.31,1880677,61.31
2018-06-07,59.2,59.4,57.78,58.28,2069336,60.25
2018-06-08,58.38,58.83,57.72,58.71,1365210,60.69
2018-06-11,58.67,58.97,58.35,58.73,2172723,60.71
2018-06-12,58.66,59,58.04,58.68,1545566,60.66
2018-06-13,58.8,58.99,58.27,58.29,1534728,60.26
2018-06-14,58.31,59.13,58.29,59.09,1434756,61.08
2018-06-15,58.99,60.02,58.64,59.85,3789334,61.87
2018-06-18,59.41,59.73,59.22,59.37,1842696,61.37
2018-06-19,58.92,59.47,58.69,59.37,1900683,61.37
2018-06-20,59.49,59.6,58.93,59.07,1048749,61.06
2018-06-21,59.06,59.32,57.79,57.97,1080559,59.93
2018-06-22,58.47,58.77,57.79,57.86,6495912,59.81
2018-06-25,57.65,57.89,56.76,57.26,1547202,59.19
2018-06-26,57.27,58.22,57.03,57.71,1808860,59.66
2018-06-27,57.6,58.33,56.91,56.94,1267542,58.86
2018-06-28,56.95,57.89,56.88,57.81,1099781,59.76
2018-06-29,57.93,58.35,57.65,57.84,1588498,59.79
2018-07-02,57.65,59.2,57.55,59.16,2226516,61.16
2018-07-03,59.29,59.73,59.05,59.43,1196643,61.43
2018-07-05,59.56,60.85,59.46,60.65,2667188,62.7
2018-07-06,60.79,61.28,60.67,60.91,1726528,62.96
2018-07-09,61.18,61.8,60.94,61.63,1644219,63.71
2018-07-10,60.07,60.1,58.6,58.78,2589309,60.76
2018-07-11,58.57,58.82,58,58.27,1307654,60.24
2018-07-12,58.69,59.23,58.51,59,1909870,60.99
2018-07-13,58.98,59.7,58.81,59.46,1480080,61.47
2018-07-16,59.43,59.49,58.92,59.04,1421389,61.03
2018-07-17,58.8,59.12,58.67,58.99,975369,60.98
2018-07-18,58.82,58.99,58.39,58.69,1054273,60.67
2018-07-19,58.59,58.98,58.16,58.78,1385760,60.76
2018-07-20,58.53,58.89,58.35,58.48,1426881,60.45
2018-07-23,58.41,59.08,58.29,58.82,1132467,60.8
2018-07-24,59.01,59.18,58.38,58.55,1053705,60.53
2018-07-25,58.65,59.15,58.29,59.06,1100704,61.05
2018-07-26,59.3,59.59,58.99,59.29,1203168,61.29
2018-07-27,59.3,59.47,58.65,59.13,1211106,61.13
2018-07-30,59.08,59.4,58.76,58.96,1186676,60.95
2018-07-31,59.25,60.16,59.02,60.05,1849430,62.08
2018-08-01,59.85,60.59,59.22,59.9,1915168,61.92
2018-08-02,59.88,61.21,59.53,60.91,2404336,62.97
2018-08-03,63.36,65.36,63.12,64.67,4414895,66.85
2018-08-06,64.43,65.1,63.44,64.89,2842870,67.08
2018-08-07,65.34,65.34,63.65,63.8,2011057,65.95
2018-08-08,63.6,64.39,63.46,64.2,1838001,66.37
2018-08-09,64.26,65.06,64.07,64.13,1680332,66.29
2018-08-10,63.76,64.06,62.9,63.05,1878649,65.18
2018-08-13,62.93,63.12,61.63,62.18,2571375,64.28
2018-08-14,62.18,62.52,61.64,62.22,2486029,64.32
2018-08-15,61.78,61.95,60.92,61.44,2875257,63.51
2018-08-16,61.74,62.77,61.36,62.74,3021615,64.86
2018-08-17,62.64,63.29,61.93,63.16,2064951,65.29
2018-08-20,63.16,63.6,62.9,63.29,1689656,65.43
2018-08-21,63.3,64.11,62.69,63.58,1735234,65.72
2018-08-22,63.33,63.51,62.79,63.35,1193166,65.49
2018-08-23,63.26,63.43,62.7,63.14,1084973,65.27
2018-08-24,63.09,63.56,63.07,63.28,965314,65.42
2018-08-27,63.6,63.73,63.31,63.49,1173571,65.63
2018-08-28,63.72,63.89,63.03,63.42,968036,65.56
2018-08-29,63.55,64.03,62.88,63.61,1238947,65.76
2018-08-30,63.45,63.71,62.92,63.02,1115851,65.15
2018-08-31,63.02,63.41,62.73,62.99,1837355,65.11
2018-09-04,62.81,63.03,62.39,62.47,1692938,64.58
2018-09-05,62.3,62.64,61.88,62.6,2102206,64.71
2018-09-06,62.58,63.36,62.42,62.77,1356627,64.89
2018-09-07,63.89,63.89,61.43,62.13,1384559,64.23
2018-09-10,62.1,62.1,60.79,61.16,2304398,63.22
2018-09-11,60.98,62.01,60.96,61.5,2223145,63.57
2018-09-12,61.61,62.79,61.51,62.67,1743311,64.78
2018-09-13,62.68,63.35,62.68,63.05,1722764,65.18
2018-09-14,62.99,63.22,62.48,62.82,1472975,64.94
2018-09-17,62.86,62.86,61.44,62.1,1318477,64.2
2018-09-18,62.06,62.64,61.94,62.28,1851121,64.38
2018-09-19,62.37,62.69,61.34,61.9,1552459,63.99
2018-09-20,62.12,62.45,62.07,62.21,1574196,64.31
2018-09-21,62.3,62.85,61.68,61.74,8041867,63.82
2018-09-24,61.31,61.77,61.15,61.7,1645538,63.78
2018-09-25,61.91,62.13,61.81,61.88,1823808,63.97
2018-09-26,61.91,62.72,61.8,62.1,1338782,64.19
2018-09-27,62.1,62.49,61.99,62.11,1107624,64.21
2018-09-28,62,62.33,61.79,62.31,1404335,64.41
2018-10-01,62.59,62.85,61.56,61.96,1554637,64.05
2018-10-02,61.91,62.64,61.72,62.15,1606708,64.25
2018-10-03,62.3,62.63,62.03,62.61,1808055,64.72
2018-10-04,62.58,63.14,61.78,62.41,2799022,64.52
2018-10-05,62.4,63.3,61.8,62.38,2119566,64.48
2018-10-08,62.31,62.57,61.13,61.64,1310647,63.72
2018-10-09,61.7,61.99,61.28,61.5,1017701,63.57
2018-10-10,61.62,62.29,60.85,60.91,1964186,62.96
2018-10-11,61.22,61.55,59.54,59.59,3271219,61.6
2018-10-12,60.15,60.3,58.94,60.09,1831264,62.12
2018-10-15,59.73,61.08,59.17,60.39,1447411,62.43
2018-10-16,60.71,62.49,60.53,62.27,1580001,64.37
2018-10-17,62.2,62.23,60.8,62.13,1665781,64.23
2018-10-18,61.97,62.1,60.37,60.69,2064231,62.74
2018-10-19,61.1,61.71,60.62,60.92,2620049,62.98
2018-10-22,60.91,61.61,60.69,60.92,1733826,62.98
2018-10-23,60.28,61.87,60.13,61.44,1884217,63.51
2018-10-24,61.24,61.8,59.69,59.8,2473143,61.82
2018-10-25,60.26,61.07,59.71,60.29,2260684,62.32
2018-10-26,50.44,54.71,49.25,53.74,8053241,55.55
2018-10-29,56.62,57.38,55.99,56.49,5949861,58.4
2018-10-30,56.76,57.4,55.17,55.58,4523707,57.45
2018-10-31,55.93,56.51,55.34,55.41,3968854,57.28
2018-11-01,55.37,56.36,55.35,55.57,2199510,57.44
2018-11-02,55.79,56.17,54.33,54.87,2641947,56.72
2018-11-05,55.05,55.61,54.58,54.8,1580138,56.65
2018-11-06,54.69,55.73,54.61,55.72,1627774,57.6
2018-11-07,56.24,56.98,56.11,56.63,1763560,58.54
2018-11-08,56.54,56.98,56.09,56.16,1636596,58.05
2018-11-09,56.03,56.15,55.27,55.69,2517012,57.57
2018-11-12,55.53,55.87,54.81,54.91,1377025,56.76
2018-11-13,55.07,55.52,54.15,54.57,1509024,56.41
2018-11-14,54.9,55.16,54.39,54.66,1749561,56.5
2018-11-15,54.34,55.51,53.97,55.4,1412162,57.27
2018-11-16,55.18,56.41,54.16,56,1593780,57.89
2018-11-19,56,56,54.25,54.41,2093808,56.25
2018-11-20,54.31,54.72,53.9,54.45,1832921,56.29
2018-11-21,54.47,54.98,54.03,54.74,1406852,56.59
2018-11-23,54.41,55.44,54.38,55.05,556774,56.91
2018-11-26,55.5,56.09,55.15,56.04,1888427,57.93
2018-11-27,55.82,56.49,55.29,56.06,2153992,57.95
2018-11-28,56.04,56.57,55.06,56.49,1877531,58.4
2018-11-29,56.16,56.42,55.44,55.48,2492821,57.35
2018-11-30,55.72,56.34,55.29,56.02,3704508,57.91
2018-12-03,56.45,57.36,56.04,56.21,2773151,58.11
2018-12-04,56.32,56.47,54.1,54.29,1794971,56.12
2018-12-06,53.45,53.68,52.4,53.08,3505228,54.87
2018-12-07,52.76,53.36,51.75,51.98,2506106,53.73
2018-12-10,51.87,53.01,51.24,52.66,2778909,54.44
2018-12-11,53.22,53.55,52.2,53.18,3591504,54.97
2018-12-12,53.86,55.32,53.86,54.32,2288606,56.15
2018-12-13,54.34,55.12,54.34,54.92,2685331,56.77
2018-12-14,54.44,55.59,54.03,54.09,2690237,55.91
2018-12-17,53.75,54.11,52.22,52.53,2711207,54.3
2018-12-18,52.99,53.01,50.97,51.37,2804087,53.1
2018-12-19,51.35,51.68,50.11,50.37,2705457,52.07
2018-12-20,50.28,50.83,48.28,49.03,3762432,50.68
2018-12-21,49.39,49.84,47.57,47.6,7089999,49.21
2018-12-24,47.53,48.45,47.19,47.3,1818052,48.9
2018-12-26,47.48,49.91,47.33,49.88,3252483,51.56
2018-12-27,49.14,50.3,48.58,50.3,3132983,52
2018-12-28,50.41,51.02,49.77,50.31,1779947,52.01
2018-12-31,50.57,50.94,50.19,50.73,1571883,52.44
2019-01-02,49.78,50.44,49.73,50.18,2400031,51.87
2019-01-03,49.93,50.28,48.86,49.05,2394934,50.7
2019-01-04,49.58,50.61,49.35,50.53,2579050,52.23
2019-01-07,50.35,51.02,50.18,50.24,2204999,51.93
2019-01-08,50.64,51.45,50.39,51.4,2317100,53.13
2019-01-09,51.61,52.08,51.34,51.69,1526030,53.43
2019-01-10,51.51,52.4,51.35,52.31,1591534,54.07
2019-01-11,52.04,52.22,51.67,52.12,1704373,53.88
2019-01-14,51.6,52.7,51.44,52.28,1706439,54.04
2019-01-15,52.42,52.8,52.02,52.67,1677012,54.45
2019-01-16,52.77,52.97,51.87,51.89,2129228,53.64
2019-01-17,51.86,52.08,51.24,51.66,2293589,53.4
2019-01-18,52.14,52.31,51.5,52.3,3045483,54.06
2019-01-22,52.02,52.14,50.94,51.25,4539194,52.98
2019-01-23,51.24,52.33,51.09,52.32,3720906,54.08
2019-01-24,52.5,52.84,52.1,52.68,2406137,54.46
2019-01-25,53.59,53.59,52.83,53.11,1818331,54.9
2019-01-28,52.74,53.3,52.64,53.16,1905941,54.95
2019-01-29,53.17,53.36,52.55,52.72,1712225,54.5
2019-01-30,52.81,53,52.44,52.71,4542342,54.49
2019-01-31,52.75,53.45,52.68,53.12,3917845,54.91
2019-02-01,53.07,53.45,52.82,53.07,2430164,54.86
2019-02-04,53.18,53.96,53.02,53.78,3173969,55.59
2019-02-05,53.93,54.59,53.58,53.6,3016257,55.41
2019-02-06,53.26,56.34,53.1,54.43,4736404,56.27
2019-02-07,54.05,54.3,53.17,53.79,2539782,55.6
2019-02-08,53.52,54.33,53.26,54.18,2270949,56.01
2019-02-11,54.33,55.7,54.21,55.62,3422201,57.5
2019-02-12,55.93,57.22,55.78,56.9,3464128,58.82
2019-02-13,57.26,57.26,54.11,55.07,5154790,56.93
2019-02-14,54.87,55.05,54.49,54.95,3452805,56.8
2019-02-15,55.46,56.11,55.06,56.02,2381426,57.91
2019-02-19,55.71,56.13,55.45,55.66,1596774,57.54
2019-02-20,55.63,56.04,55.22,55.88,1548444,57.77
2019-02-21,55.82,55.82,55.15,55.36,1680100,57.23
2019-02-22,55.44,55.87,55.15,55.85,1767302,57.73
2019-02-25,56.15,56.17,55.1,55.13,1846254,56.99
2019-02-26,54.9,55.3,54.65,55.14,2191110,57
2019-02-27,54.9,55.52,54.75,55.13,2082530,56.99
2019-02-28,52.93,54.45,52.45,54.12,3549088,55.95
2019-03-01,54.58,54.63,53.72,54.12,3204428,55.95
2019-03-04,54.41,54.49,53.29,53.56,3032358,55.37
2019-03-05,53.52,54.03,53.09,53.91,1841693,55.73
2019-03-06,54.05,54.38,53.48,53.63,3132632,55.44
2019-03-07,53.55,53.8,52.83,53.59,3172245,55.4
2019-03-08,53.21,53.86,52.82,53.64,2789178,55.45
2019-03-11,53.7,54.63,53.68,54.42,3847355,56.26
2019-03-12,54.47,55.19,54.12,55.03,3001660,56.89
2019-03-13,55.09,55.92,54.96,55.68,3094078,57.56
2019-03-14,55.75,55.75,55.2,55.28,2976451,57.14
2019-03-15,55.33,56.04,55.16,56.02,4321870,57.91
2019-03-18,55.89,56.11,55.42,55.79,1408927,57.67
2019-03-19,56.06,56.22,55.33,55.7,2074633,57.58
2019-03-20,55.72,56.28,55.19,55.72,1982495,57.6
2019-03-21,55.19,56.59,55.19,56.38,1611779,58.28
2019-03-22,56.18,56.44,55.05,55.1,1537023,56.96
2019-03-25,55.18,55.3,54.39,54.84,1336582,56.69
2019-03-26,55.06,55.52,54.69,54.86,1501370,56.71
2019-03-27,54.8,55.1,54.28,54.77,1114726,56.62
2019-03-28,54.85,55.14,54.32,54.69,1540319,56.54
2019-03-29,55.01,55.48,54.82,55.34,1754760,57.21
2019-04-01,55.79,55.87,54.81,55.64,1916305,57.52
2019-04-02,55.6,55.74,54.83,55.07,1271821,56.93
2019-04-03,55.39,55.61,54.94,55.26,2012492,57.12
2019-04-04,55.34,55.66,54.86,55.19,961866,57.05
2019-04-05,55.17,55.63,55.14,55.45,1203678,57.32
2019-04-08,55.54,55.7,54.68,55.23,1526393,57.09
2019-04-09,61.31,63.87,59.87,60.91,16383442,62.97
2019-04-10,61.52,61.69,59.66,61.63,5577646,63.71
2019-04-11,61.5,61.68,59.96,60.17,3497677,62.2
2019-04-12,60.35,60.79,60.17,60.75,2785872,62.8
2019-04-15,60.67,61.52,60.44,61.39,3223866,63.46
2019-04-16,61.7,61.88,60.6,60.99,2389169,63.05
2019-04-17,61.06,61.36,60.2,60.36,3202714,62.4
2019-04-18,60.75,60.95,59.84,60.66,2881626,62.71
2019-04-22,60.4,60.94,60.21,60.62,2336415,62.67
2019-04-23,60.88,62.02,60.81,61.75,4284828,63.83
2019-04-24,61.74,62.29,61.7,62.06,3055461,64.15
2019-04-25,61.6,62.84,61.1,62.49,3095889,64.6
2019-04-26,62.39,63.33,60.73,62.96,5104341,65.08
2019-04-29,62.88,64.11,62.72,63.73,3022697,65.88
2019-04-30,63.4,64.39,63.18,64.28,3009974,66.45
2019-05-01,64.47,64.92,63.97,64.52,2741402,66.7
2019-05-02,64.59,65.95,64.26,65.79,3191533,68.01
2019-05-03,66.22,67.08,65.91,66.24,2378093,68.47
2019-05-06,65.14,66.51,64.93,66.41,2671551,68.65
2019-05-07,65.7,66.13,65.21,65.54,2741807,67.75
2019-05-08,65.55,66.14,65.23,65.8,1822316,68.02
2019-05-09,65.38,66.45,65.05,66.35,2207849,68.59
2019-05-10,66,67.02,65.4,66.69,2356043,68.94
2019-05-13,65.66,66.11,64.87,64.97,3039745,67.16
2019-05-14,65.24,66.09,65.08,65.62,2511508,67.83
2019-05-15,65.14,66.82,64.9,66.39,3155168,68.63
2019-05-16,66.46,67.38,66.39,66.66,2372051,68.91
2019-05-17,66.16,67.35,66.1,66.25,2511330,68.48
2019-05-20,65.69,67.46,65.65,67.28,3427796,69.55
2019-05-21,67.57,68.45,67.44,67.86,4048538,70.15
2019-05-22,67.62,68.15,67.29,67.84,2481354,70.13
2019-05-23,67.46,68.15,67.14,67.66,3729936,69.94
2019-05-24,67.84,68.59,67.72,68.29,3301758,70.59
2019-05-28,68.32,68.68,67.75,67.87,5293622,70.16
2019-05-29,67.74,67.96,66.8,67.16,2888380,69.43
2019-05-30,67.35,68.39,67.23,68.03,2178070,70.32
2019-05-31,67.66,68.06,67.08,67.69,2224290,69.97
2019-06-03,67.72,68.11,66.51,66.83,3955776,69.08
2019-06-04,67.52,68.6,67.37,68.57,3948968,70.88
2019-06-05,68.72,69.45,68.22,69.18,3241613,71.51
2019-06-06,69.21,70.13,69.15,69.89,2871650,72.25
2019-06-07,70.38,70.85,70.09,70.37,2042409,72.74
2019-06-10,70.47,70.75,69.87,70.33,1834394,72.7
2019-06-11,70.47,70.84,68.92,69.33,3344165,71.67
2019-06-12,69.39,70.06,69.35,69.9,2202730,72.26
2019-06-13,70.1,70.32,69.8,70.11,2051331,72.48
2019-06-14,70.17,70.57,69.84,69.87,1875216,72.23
2019-06-17,69.97,70.14,69.26,69.32,2032897,71.48
2019-06-18,69.82,69.96,68.39,68.53,3092933,70.67
2019-06-19,68.64,69.16,68.42,68.85,3479733,71
2019-06-20,69.52,69.82,68.85,69.58,3382853,71.75
2019-06-21,69.73,70.21,69.28,69.91,4485484,72.09
2019-06-24,69.93,70.5,69.4,70.45,1555579,72.65
2019-06-25,70.64,70.75,68.85,69.1,2649323,71.25
2019-06-26,69.19,69.61,68.53,68.89,1879373,71.04
2019-06-27,68.93,69.83,68.67,69.62,2063622,71.79
2019-06-28,69.68,71.14,69.67,71.08,8646781,73.3
2019-07-01,71.39,72.17,71.28,72.03,2655617,74.27
2019-07-02,72.27,72.81,71.91,72.69,2888026,74.95
2019-07-03,72.73,73.7,71.88,72.28,1766197,74.53
2019-07-05,71.97,72.25,71.32,72.25,1395630,74.5
2019-07-08,72,72.47,71.62,72.31,2037922,74.56
2019-07-09,72.07,72.76,71.96,72.72,1849375,74.99
2019-07-10,72.87,73.44,72.73,73.39,1879578,75.68
2019-07-11,73.56,73.9,73.2,73.85,1580612,76.15
2019-07-12,74,74.16,73.23,73.82,1545740,76.12
2019-07-15,73.89,73.97,73.43,73.54,1424635,75.83
2019-07-16,73.73,73.84,71.9,72.23,3361333,74.48
2019-07-17,72.14,72.53,71.83,72.18,2275477,74.43
2019-07-18,72.26,72.33,71.55,71.76,2650712,74
2019-07-19,72.22,72.22,70.45,70.63,2537039,72.83
2019-07-22,70.76,70.86,69.73,69.82,3594448,72
2019-07-23,69.8,69.94,68.91,69.9,2387221,72.08
2019-07-24,69.46,70.21,69,70.03,3020500,72.21
2019-07-25,69.33,71.11,68.39,70.72,4436363,72.92
2019-07-26,70.58,71.29,69.79,70.9,2948090,73.11
2019-07-29,70.79,71.59,70.34,71.44,1841599,73.67
2019-07-30,71.18,71.74,70.99,71.37,1869808,73.59
2019-07-31,71.37,71.55,68.88,69.48,2799524,71.65
2019-08-01,69.58,70.58,69.41,69.76,3490650,71.93
2019-08-02,69.81,69.82,68.46,68.83,2422852,70.97
2019-08-05,68.08,68.77,67.37,67.56,3188276,69.67
2019-08-06,67.7,68.51,67.26,68.37,2060166,70.5
2019-08-07,67.77,68.22,67.01,67.97,2697661,70.09
2019-08-08,68.1,69.47,67.96,69.33,2206345,71.49
2019-08-09,69.32,69.62,68.74,69.25,1705833,71.41
2019-08-12,69.08,69.32,67.97,68.12,2007835,70.24
2019-08-13,68.2,69.57,67.9,68.74,1947593,70.88
2019-08-14,68.06,68.33,67.22,67.32,2792243,69.42
2019-08-15,67.35,67.85,67.13,67.16,2683523,69.25
2019-08-16,67.83,68.83,67.43,68.52,2290481,70.65
2019-08-19,69.13,70.04,68.78,69.66,2193937,71.83
2019-08-20,69.73,69.8,69.15,69.22,1896001,71.38
2019-08-21,69.8,69.9,69.45,69.61,1459426,71.78
2019-08-22,70.64,70.66,69.21,69.51,1538111,71.68
2019-08-23,69.1,69.32,65.53,65.88,4124398,67.93
2019-08-26,66.18,66.78,65.93,66.45,2026782,68.52
2019-08-27,66.78,67.21,65.91,66.13,2349858,68.19
2019-08-28,65.86,66.99,65.84,66.51,1474987,68.58
2019-08-29,66.99,67.3,66.57,66.91,1271379,69
2019-08-30,67.45,67.75,66.36,66.83,2591500,68.91
2019-09-03,66.24,66.68,64.82,65.35,2494350,67.39
2019-09-04,65.9,66.2,64.69,65.25,1635407,67.28
2019-09-05,65.87,66.15,65.34,65.8,1652066,67.85
2019-09-06,65.86,65.9,65.19,65.32,2013249,67.36
2019-09-09,65.55,65.7,64.05,64.49,3059627,66.5
2019-09-10,64.23,65.32,63.87,65.31,2413688,67.35
2019-09-11,65.16,66.32,64.65,66.27,1651812,68.33
2019-09-12,66.48,67.11,65.91,65.95,1931167,68.01
2019-09-13,66.19,66.67,65.6,65.8,1389318,67.85
2019-09-16,65.41,66.06,65.22,65.71,1201728,67.76
2019-09-17,65.67,66.26,65.62,66.08,1351797,68.14
2019-09-18,66.13,66.41,64.89,65.53,1601871,67.57
2019-09-19,65.63,66.44,65.44,65.63,1576284,67.68
2019-09-20,65.41,66.56,65.37,66.37,6062766,68.44
2019-09-23,66.15,66.69,65.66,66.51,1443719,68.58
2019-09-24,66.85,67.09,65.94,66.44,1967591,68.33
2019-09-25,66.07,66.6,65.87,66.34,1438985,68.23
2019-09-26,66.57,67.06,65.62,66.47,1598393,68.36
2019-09-27,66.62,67.12,65.89,66.48,1905723,68.37
2019-09-30,66.48,66.93,66.14,66.28,3460166,68.17
2019-10-01,66.48,67.13,65.31,65.59,2158237,67.46
2019-10-02,65.3,65.33,63.9,64.7,2368484,66.54
2019-10-03,64.52,65.02,63.71,64.31,2131299,66.14
2019-10-04,64.49,65.1,64.32,64.97,1251164,66.82
2019-10-07,64.76,64.96,64.04,64.48,1394492,66.31
2019-10-08,63.87,64.41,63.22,63.3,2612914,65.1
2019-10-09,63.57,64.11,63.3,63.89,1554523,65.71
2019-10-10,63.65,65.15,63.63,64.99,3108444,66.84
2019-10-11,65.41,66.39,65.17,65.74,2276814,67.61
2019-10-14,65.66,66.1,65.19,65.87,1862870,67.74
2019-10-15,66.1,66.48,65.82,66.21,1414310,68.09
2019-10-16,66.12,66.55,65.85,66.27,2194891,68.16
2019-10-17,66.33,66.43,65.56,66.23,2126546,68.11
2019-10-18,66.42,66.6,65.84,65.89,1922558,67.76
2019-10-21,66.04,66.51,65.86,66.27,1806257,68.16
2019-10-22,66.06,66.48,65.52,65.6,1738184,67.47
2019-10-23,65.57,65.81,64.92,65.7,2496915,67.57
2019-10-24,65.94,66.24,65.35,65.61,2769981,67.475
2019-10-25,65.63,66.6,63.79,64.59,3427420,66.43
2019-10-28,64.72,65.49,64.58,65.15,2958624,67
2019-10-29,64.84,65.86,64.84,65.5,2699783,67.36
2019-10-30,65.7,66.35,65.42,66.22,2596577,68.1
2019-10-31,65.98,66.25,64.84,65.26,2397099,67.12
2019-11-01,65.53,66.1,65.4,65.66,2257934,67.53
2019-11-04,65.88,66.18,65.51,65.59,1975572,67.46
2019-11-05,65.75,65.89,65.26,65.35,2073669,67.21
2019-11-06,65.44,65.85,64.99,65.12,2332746,66.97
2019-11-07,65.34,65.82,64.91,64.98,1503329,66.83
2019-11-08,64.79,65.48,64.43,65.45,1722497,67.31
2019-11-11,65.1,65.4,64.31,64.43,1665050,66.26
2019-11-12,64.7,65.42,64.43,65.16,2361696,67.01
2019-11-13,64.99,65.49,64.64,65.01,1767750,66.86
2019-11-14,65.12,65.64,65.11,65.19,2481789,67.05
2019-11-15,65.4,66.88,65.23,66.51,6508604,68.4
2019-11-18,66.55,66.96,65.54,65.74,3867325,67.61
2019-11-19,65.99,66.45,65.8,66.25,3269350,68.14
2019-11-20,65.96,66.35,65.24,65.8,2216308,67.67
2019-11-21,65.86,66.84,65.58,66.58,2198775,68.47
2019-11-22,67.09,67.99,66.83,67.52,2183812,69.44
2019-11-25,67.71,68.88,67.66,68.72,2816292,70.68
2019-11-26,69.12,69.89,68.65,69.85,2784663,71.84
2019-11-27,68.19,70.15,67.8,70.11,1678617,72.11
2019-11-29,69.77,70.14,69.18,69.61,1506147,71.59
2019-12-02,69.61,69.71,68.58,68.96,1482421,70.92
2019-12-03,68.54,69.16,68.25,69.1,2336455,71.07
2019-12-04,69.21,69.23,68.51,68.65,1900978,70.6
2019-12-05,68.95,69.04,68.46,68.81,1518939,70.77
2019-12-06,69.28,69.57,68.99,69.32,1427345,71.29
2019-12-09,68.98,69.74,68.92,69.46,2142700,71.44
2019-12-10,69.47,69.84,69.14,69.73,1462183,71.71
2019-12-11,69.58,69.8,69.09,69.52,1862649,71.5
2019-12-12,69.65,70.08,69.29,69.83,2276880,71.82
2019-12-13,69.91,70.66,69.34,70.23,1795930,72.23
2019-12-16,70.46,70.83,70.25,70.66,3060816,72.67
2019-12-17,70.74,70.74,69.61,69.63,2795052,71.61
2019-12-18,69.76,70.39,69.54,70.16,2267176,72.16
2019-12-19,70.08,70.13,69.46,69.97,1571567,71.96
2019-12-20,69.97,71.27,69.6,71.23,6479108,73.26
2019-12-23,71.31,72.05,71.2,71.41,1127632,73.44
2019-12-24,71.38,71.39,71.02,71.26,341412,73.29
2019-12-26,71.42,71.56,70.87,71.17,773344,73.02
2019-12-27,71.43,71.67,71.03,71.43,1049388,73.28
2019-12-30,71.43,71.58,71.11,71.26,1421617,73.11
2019-12-31,71.09,71.65,70.77,71.54,1373393,73.39
2020-01-02,71.59,71.83,70.97,71.76,2751230,73.62
2020-01-03,70.98,72.01,70.97,71.96,1657124,73.83
2020-01-06,71.51,72.18,71.35,72.12,2281448,73.99
2020-01-07,71.9,71.9,71.14,71.17,1071679,73.02
2020-01-08,71.39,71.96,71.19,71.59,2151853,73.445
2020-01-09,71.93,72.42,71.16,71.9,1839129,73.76
2020-01-10,72.14,72.22,71.42,71.62,1368860,73.48
2020-01-13,71.62,72.02,70.92,71.22,2417562,73.07
2020-01-14,71.13,72.36,70.91,72.33,1756261,74.21
2020-01-15,71.83,73.29,71.01,72.8,1776573,74.69
2020-01-16,72.91,73.89,72.46,73.67,1952638,75.58
2020-01-17,73.95,74.02,73.38,73.94,1649386,75.86
2020-01-21,73.55,74.05,73.41,73.89,1769202,75.81
2020-01-22,74.04,74.39,73.56,73.61,1589230,75.52
2020-01-23,73.47,73.85,72.66,73.77,1668843,75.68
2020-01-24,73.69,73.69,72.27,72.58,1077642,74.46
2020-01-27,71.53,72.39,71.31,71.55,1615934,73.41
2020-01-28,71.91,72.34,71.5,71.64,1885393,73.5
2020-01-29,71.74,71.74,70.41,70.45,2007376,72.28
2020-01-30,70.09,70.98,69.56,70.94,1429539,72.78
2020-01-31,70.86,71.22,69.65,70.01,1637889,71.83
2020-02-03,70.41,71.46,70.23,71.32,2779081,73.17
2020-02-04,72.16,73.07,71.85,72.34,2417565,74.22
2020-02-05,75.04,78.86,73.84,76.61,7054880,78.595
2020-02-06,76.8,77.91,76.56,76.95,2575263,78.95
2020-02-07,76.8,77.48,76.54,76.94,1289171,78.93
2020-02-10,76.49,77.66,76.13,77.61,1999485,79.62
2020-02-11,77.98,78.51,77.2,78.2,3254067,80.23
2020-02-12,78.48,78.48,74.43,74.74,3209154,76.68
2020-02-13,74.2,74.98,73.99,74.56,2239000,76.49
2020-02-14,74.41,75.31,74.26,75.12,3504652,77.07
2020-02-18,75.17,75.83,74.73,74.84,2117512,76.78
2020-02-19,75,75.32,74.41,74.82,2142115,76.76
2020-02-20,74.85,75.07,73.85,74.77,1714591,76.71
2020-02-21,74.54,74.82,73.8,74.15,2356811,76.07
2020-02-24,72.53,73.9,71.52,71.53,3125528,73.38
2020-02-25,72.05,72.12,70.37,70.58,3458456,72.41
2020-02-26,71.06,72.2,70.36,70.58,3365644,72.41
2020-02-27,69.71,70.77,68.07,68.12,3577442,69.89
2020-02-28,66.32,67.59,65.82,67.52,6056508,69.27
2020-03-02,67.75,70.76,67.47,70.72,3528679,72.55
2020-03-03,70.83,72.09,68.55,69.3,3686906,71.1
2020-03-04,70.53,71.69,70,71.63,2721389,73.49
2020-03-05,69.75,71.67,69.24,70.74,3065742,72.57
2020-03-06,68.67,71.86,68.48,71.51,3598139,73.36
2020-03-09,67.76,70,67.69,68.48,4886034,70.26
2020-03-10,69.62,70.04,65.06,67.39,3967350,69.14
2020-03-11,65.76,67.27,64.91,66.62,4302889,68.35
2020-03-12,63.37,66.37,62.9,63.05,5195517,64.68
2020-03-13,65.02,65.8,59.15,62.8,7065442,64.43
2020-03-16,58.41,60.15,56.64,59,5483244,60.53
2020-03-17,59.44,62.68,56.51,60.79,5044741,62.37
2020-03-18,58.43,60.2,53.16,58.36,3837421,59.87
2020-03-19,58.21,60.97,56.6,57.99,3843828,59.49
2020-03-20,58.41,59.39,54.66,55.12,6403521,56.55
2020-03-23,54.57,55.41,51.74,53.32,4138776,54.7
2020-03-24,55.71,58.23,54.69,56.94,4829249,58.42
2020-03-25,56.94,58.42,55.33,56.57,3651613,58.04
2020-03-26,56.36,60.23,56.36,59.5,3940775,61.04
2020-03-27,57.4,60.49,56.64,58.49,3118842,60.01
2020-03-30,59.72,62.86,59.36,62.62,3388324,64.24
2020-03-31,63.33,63.33,61.06,61.4,3268160,62.99
2020-04-01,59.35,60.39,58.34,59.18,2521744,60.71
2020-04-02,58.95,61.83,58.27,60.57,1847967,61.96
2020-04-03,59.99,61.13,59.77,60.88,2746287,62.27
2020-04-06,61.96,62.82,60.61,62.53,3067683,63.96
2020-04-07,63.45,64.51,62.47,62.82,2550433,64.26
2020-04-08,62.52,65.28,61.88,64.92,2553263,66.41
2020-04-09,65.9,67.29,65.57,66.85,2585280,68.38
2020-04-13,66.36,66.59,62.84,64.25,2244415,65.72
2020-04-14,65.12,67.84,65.04,67.41,2743801,68.95
2020-04-15,65.19,67.74,65.19,66.68,2813418,68.21
2020-04-16,67.1,67.54,65.82,67.1,2293490,68.64
2020-04-17,68.7,68.7,67.17,68.44,3062355,70.01
2020-04-20,67.28,70.15,67.22,68.68,2383785,70.25
2020-04-21,67.52,68.48,66.23,67.06,2737720,68.59
2020-04-22,68.59,69.78,68.04,69.2,2675054,70.78
2020-04-23,69.73,70.17,68.94,69.56,1917022,71.15
2020-04-24,70.22,71.3,69.3,71.12,1902089,72.75
2020-04-27,71.66,72.75,70.85,71.66,1601554,73.3
2020-04-28,72.32,73.2,68.95,70.15,3366514,71.76
2020-04-29,70.49,71.34,67.41,69.42,3950940,71.01
2020-04-30,68.68,69.34,67.49,67.84,2452148,69.39
2020-05-01,66.29,66.63,64.67,65.22,2383674,66.71
2020-05-04,64.84,65.62,64.08,65.56,2493281,67.06
2020-05-05,65.7,67.92,65.7,66.94,2613375,68.47
2020-05-06,67.21,67.51,65.33,65.39,2271630,66.89
2020-05-07,66,66.12,65.18,65.49,2301803,66.99
2020-05-08,66.84,67.39,65.86,67.21,1849076,68.75
2020-05-11,66.93,67.96,66.62,66.91,1780654,68.44
2020-05-12,66.75,66.95,64.74,64.74,2991499,66.22
2020-05-13,64.56,64.9,62.99,63.5,1841988,64.95
2020-05-14,62.92,64.26,61.7,64.12,2601438,65.59
2020-05-15,64.2,64.51,63.03,63.65,6603609,65.11
2020-05-18,64.89,67.08,64.83,66.85,2544653,68.38
2020-05-19,66.97,67.24,66.25,66.26,1634918,67.78
2020-05-20,66.5,66.96,66,66.27,1276032,67.79
2020-05-21,66.45,66.72,65.55,65.62,1490212,67.12
2020-05-22,65.64,65.91,65.1,65.77,1080192,67.28
2020-05-26,67.44,67.44,65.78,65.88,1930159,67.39
2020-05-27,65.84,67,65.25,66.78,1886594,68.31
2020-05-28,67.44,70.05,66.65,69.28,2718329,70.87
2020-05-29,69.33,71.35,68.4,71.27,4798821,72.9
2020-06-01,70.81,71.41,70.36,70.97,2151049,72.59
2020-06-02,70.88,71.61,70.39,71.52,3531399,73.16
2020-06-03,72.09,72.29,71.09,71.87,2023271,73.51
2020-06-04,70.77,71.84,69.24,69.94,2363001,71.37
2020-06-05,70.29,72.51,69.64,71.55,2578389,73.01
2020-06-08,71.34,72.56,70.96,72.37,1615157,73.85
2020-06-09,72.26,72.37,70.2,70.44,1618944,71.88
2020-06-10,70.68,70.69,69.24,70.43,2106316,71.87
2020-06-11,70.06,70.06,65.82,66.05,2798264,67.4
2020-06-12,66.22,67.32,64.81,65.62,1897538,66.96
2020-06-15,64.58,66.65,63.84,66.53,2983036,67.89
2020-06-16,67.34,69.21,67.23,68.05,2977618,69.44
2020-06-17,68.46,69.07,68.02,68.22,2048184,69.61
2020-06-18,68.07,68.56,67.44,68.33,2283528,69.72
2020-06-19,69.22,71.72,68.14,71.72,10434806,73.18
2020-06-22,70.83,71.1,69.51,69.78,2877625,71.2
2020-06-23,70.05,70.77,69.15,69.63,1969506,71.05
2020-06-24,69.02,69.24,66.92,67.28,2192938,68.65
2020-06-25,67.23,67.48,66.47,66.99,2326913,68.36
2020-06-26,67.15,67.5,64.47,65.21,4508627,66.54
2020-06-29,65.89,67.08,65.42,66.58,1806787,67.94
2020-06-30,66.7,67.58,66.02,67.18,2423928,68.55
2020-07-01,67.31,68.42,67.26,68.1,2376673,69.49
2020-07-02,68.61,69.18,68.36,68.51,2346538,69.91
2020-07-06,69.5,69.8,68.52,69.51,3234073,70.93
2020-07-07,68.41,69.32,68.03,68.67,2639564,70.07
2020-07-08,69.09,69.09,67.75,68.57,1979277,69.97
2020-07-09,68.37,68.51,67.21,68.24,1768873,69.63
2020-07-10,68,68.69,67.97,68.53,1115660,69.93
2020-07-13,68.75,69.4,68,68.06,2190546,69.45
2020-07-14,67.84,68.47,67.32,68.34,1545933,69.73
2020-07-15,69.01,70.78,69.01,70.38,2096619,71.81
2020-07-16,70.07,70.39,69.58,70.27,1433673,71.7
2020-07-17,70.14,70.49,69.42,69.84,2739902,71.26
2020-07-20,69.92,70.28,69.5,69.99,1765377,71.42
2020-07-21,70.37,70.67,69.62,69.98,2007350,71.41
2020-07-22,70.24,71.03,69.75,70.62,1460851,72.06
2020-07-23,70.75,71.48,70.33,70.69,1865709,72.13
2020-07-24,70.86,71.03,69.91,70.36,1687864,71.79
2020-07-27,70.1,71.28,69.58,71,1432491,72.45
2020-07-28,70.72,71.21,69.56,69.72,2184811,71.14
2020-07-29,70.38,72.33,69.97,71.94,2474877,73.41
2020-07-30,69.5,71.3,67.93,69.84,2567339,71.26
2020-07-31,69.62,70.15,67.49,68.06,2405043,69.45
2020-08-03,67.85,68.27,67.2,67.45,2220571,68.82
2020-08-04,67.14,68.06,66.87,67.53,1690554,68.91
2020-08-05,68.08,68.2,67.12,67.93,1387079,69.31
2020-08-06,67.91,68.72,67.91,68.55,1545507,69.95
2020-08-07,68.13,68.65,67.86,68.64,2120166,70.04
2020-08-10,68.6,70.55,68.52,70.54,2493658,71.98
2020-08-11,70.73,71.47,70.58,70.96,2630015,72.41
2020-08-12,71.1,72.05,70.92,71.32,1820847,72.77
2020-08-13,71.25,71.75,71.02,71.62,1597449,73.08
2020-08-14,71.43,71.81,71.14,71.45,1640290,72.91
2020-08-17,71.54,71.6,71.07,71.4,1522718,72.86
2020-08-18,71.78,72.32,71.59,71.94,1798690,73.41
2020-08-19,72.2,72.32,70.81,70.99,972879,72.44
2020-08-20,70.82,71.24,70.04,70.2,992961,71.63
2020-08-21,69.83,70.47,69.69,70.39,1525603,71.82
2020-08-24,70.72,71.05,70.39,70.91,1074143,72.36
2020-08-25,70.96,71.05,70.07,70.38,1347116,71.81
2020-08-26,70.36,70.36,69.2,69.96,1250480,71.39
2020-08-27,70.77,71.98,70.21,71.78,1794977,73.24
2020-08-28,71.82,71.95,70.78,71.35,1101627,72.8
2020-08-31,70.41,72.21,70.41,71.9,2520522,73.37
2020-09-01,71.42,71.57,70.61,71.02,1227905,72.47
2020-09-02,71.45,73.99,71.15,73.73,2805197,75.23
2020-09-03,73.68,74.69,71.6,72.3,2439959,73.77
2020-09-04,72.39,73.11,70.35,70.57,2661820,72.01
2020-09-08,69.95,70.24,68.36,68.64,2958150,70.04
2020-09-09,69.36,70.69,68.93,70.14,1831925,71.57
2020-09-10,69.94,70.65,68.88,68.99,1861403,70.4
2020-09-11,68.6,69.97,68.54,69.53,2238468,70.95
2020-09-14,70.03,71.1,70.02,70.45,1207251,71.89
2020-09-15,70.56,70.9,70.15,70.27,1268342,71.7
2020-09-16,70.95,72.11,70.62,70.97,2343735,72.42
2020-09-17,69.85,70.65,69.3,70.35,1734320,71.78
2020-09-18,70.66,70.69,67.95,68.45,3823818,69.85
2020-09-21,67.14,67.66,65.74,67.33,2134388,68.7
2020-09-22,67.24,67.65,66.46,67.26,1749656,68.63
2020-09-23,67.35,67.61,66.09,66.38,1719257,67.73
2020-09-24,66.36,67.07,65.59,66.31,1088271,67.48
2020-09-25,65.94,68.3,65.76,68.11,1611455,69.31
2020-09-28,68.83,70.39,68.6,70.33,2162887,71.575
2020-09-29,70.14,71.24,69.87,69.95,1406965,71.19
2020-09-30,70.34,71.89,69.41,71.03,2145906,72.29
2020-10-01,71.59,72.03,70.5,71.05,1576912,72.31
2020-10-02,70.27,70.73,69.26,69.94,1205724,71.18
2020-10-05,69.48,70.71,69.48,70.51,1601075,71.76
2020-10-06,70.92,71.87,70.26,70.73,1594368,71.98
2020-10-07,71.56,71.66,70.16,70.24,1257745,71.48
2020-10-08,70.59,70.93,70.2,70.59,1010761,71.84
2020-10-09,71.41,71.91,70.62,71.13,1207876,72.39
2020-10-12,71.59,73.75,71.44,72.51,2161738,73.79
2020-10-13,72.75,72.79,71.69,71.98,1677056,73.25
2020-10-14,72.47,73.1,71.98,72.94,1306338,74.23
2020-10-15,71.96,72.79,71.81,72.48,1339882,73.76
2020-10-16,72.67,73.93,72.26,73.33,1816411,74.63
2020-10-19,73.45,73.81,70.78,71.1,1245976,72.36
2020-10-20,71.33,72.31,70.97,71.44,944321,72.7
2020-10-21,71.42,72.21,71.07,71.3,1827480,72.56
2020-10-22,71.42,71.51,69.9,71.33,935283,72.59
2020-10-23,71.77,72.84,71.73,72.44,992294,73.72
2020-10-26,71.27,71.85,70.5,71.6,1169677,72.87
2020-10-27,71.64,72.65,70.86,71.48,1513599,72.74
2020-10-28,70.89,71.29,69.29,69.41,3210818,70.64
2020-10-29,69.16,70.42,67.29,69.26,2101093,70.48
2020-10-30,68.09,69.55,67.85,68.87,1786960,70.09
2020-11-02,69.77,70.65,69.22,70.62,1351617,71.87
2020-11-03,71.31,72.19,71.05,71.19,1423874,72.45
2020-11-04,73.59,73.91,70.66,70.85,2435826,72.1
2020-11-05,72.32,72.37,70.89,71.14,1547195,72.4
2020-11-06,71.52,71.93,70.69,71.69,1284951,72.96
2020-11-09,74.42,75.99,72.53,72.59,2562540,73.87
2020-11-10,71.67,73.76,71.53,73.42,2071212,74.72
2020-11-11,73.98,74.16,72.66,73.31,1765375,74.61
2020-11-12,72.98,73.58,72.11,72.58,1062709,73.86
2020-11-13,73.05,74.15,72.92,74.15,1212824,75.46
2020-11-16,74.27,74.83,73.69,73.95,952940,75.26
2020-11-17,73.42,74.08,72.6,73.47,1112454,74.77
2020-11-18,73.23,73.93,71.61,71.65,1574548,72.92
2020-11-19,71.76,72.09,70.85,71.6,1343707,72.87
2020-11-20,71.6,72.83,71.28,71.98,1944013,73.25
2020-11-23,72.69,73.14,71.89,72.33,1538181,73.61
2020-11-24,72.88,73.85,72.5,73.08,1427681,74.37
2020-11-25,73.5,73.52,72.52,72.83,1001813,74.12
2020-11-27,72.78,73.08,72.51,72.81,944028,74.1
2020-11-30,72.83,73.58,72.47,73.54,2388956,74.84
2020-12-01,73.76,74.68,73.6,74.06,1476365,75.37
2020-12-02,73.74,74.24,73.54,74.16,1005556,75.47
2020-12-03,73.85,73.96,72.37,72.61,1445219,73.89
2020-12-04,72.42,73.47,72.19,73,1611884,74.29
2020-12-07,72.93,73.18,71.48,71.58,1894682,72.84
2020-12-08,70.9,72.9,70.9,72.86,2151892,74.15
2020-12-09,72.83,73.86,72.57,73.12,2252718,74.41
2020-12-10,72.76,73.03,72.25,72.69,1372294,73.97
2020-12-11,72.79,73.71,72.49,73.22,1864789,74.51
2020-12-14,73.65,73.73,72.85,72.96,1897379,74.25
2020-12-15,73.4,74.1,73.03,74.05,1940914,75.36
2020-12-16,74.44,76.15,74.13,76.06,3711223,77.4
2020-12-17,76.07,77.01,75.98,76.8,2972395,78.16
2020-12-18,76.33,76.85,75.63,76.25,7567722,77.6
2020-12-21,75.33,75.74,73.79,75.26,1530472,76.59
2020-12-22,75.2,76.27,75.14,76.04,2100213,77.38
2020-12-23,76.43,76.88,76.01,76.34,1352605,77.69
2020-12-24,77.26,77.32,76.49,77.27,494121,78.41
2020-12-28,77.55,78.09,76.38,76.91,1823108,78.05
2020-12-29,77.43,77.83,77.06,77.36,942821,78.5
2020-12-30,77.24,77.83,76.72,76.84,803582,77.98
2020-12-31,76.88,77.41,76.45,77.34,930006,78.48
2021-01-04,77.26,77.88,75.43,76.61,2485367,77.74
2021-01-05,76.37,77.36,76.21,77.07,1327690,78.21
2021-01-06,75.62,77.8,75.4,77.68,2056529,78.83
2021-01-07,77.25,78.83,77.25,78.47,2203857,79.63
2021-01-08,78.34,78.83,77.23,78.7,1945217,79.86
2021-01-11,78.49,78.64,77.31,77.73,1628818,78.88
2021-01-12,77.64,78.04,77.14,77.78,1379826,78.93
2021-01-13,77.86,79.64,77.72,79.47,2826523,80.65
2021-01-14,79.26,80.56,79.06,79.16,2593077,80.33
2021-01-15,78.95,79.3,77.93,79.04,1878457,80.21
2021-01-19,78.22,78.86,77.61,78.35,1684460,79.51
2021-01-20,77.93,78.83,77.65,78.58,1412904,79.74
2021-01-21,78.46,79,78.25,78.46,1169822,79.62
2021-01-22,78.48,79.09,78.06,78.74,1966520,79.9
2021-01-25,78.69,80.17,78.59,79.33,1703160,80.5
2021-01-26,79.48,80.25,78.77,80.14,1152902,81.33
2021-01-27,79.72,82.83,79.72,82.09,3388690,83.3
2021-01-28,81.91,82.97,79.45,79.48,2413841,80.66
2021-01-29,78.95,80.07,78.1,78.94,1956236,80.11
2021-02-01,79.58,79.58,78.31,78.92,1512429,80.09
2021-02-02,79.37,80.86,79.26,79.31,1390770,80.48
2021-02-03,79.18,79.47,78.05,78.58,1322585,79.74
2021-02-04,78.87,80.08,78.45,78.92,1237553,80.09
2021-02-05,79.6,79.67,78.53,78.66,1080871,79.82
2021-02-08,78.63,79.05,77,77.36,2624917,78.5
2021-02-09,77.68,78.33,77.52,77.87,2116333,79.02
2021-02-10,78.4,78.82,77.59,77.85,2599811,79
2021-02-11,76.38,77.23,73.96,74.79,3475623,75.9
2021-02-12,74.4,74.44,73.33,73.86,3438059,74.95
2021-02-16,74.01,74.1,71.54,71.69,5687232,72.75
2021-02-17,71.41,72.65,71.18,71.43,4329205,72.49
2021-02-18,71.62,71.77,70.97,71.48,3255972,72.54
2021-02-19,71.49,71.88,70.26,70.52,3380801,71.56
2021-02-22,70.52,70.91,69.71,69.88,2855904,70.91
2021-02-23,69.51,70.38,68.51,69.05,6037894,70.07
2021-02-24,68.94,69.76,68.64,69.27,3925949,70.29
2021-02-25,69.76,70.57,68.9,68.92,3633894,69.94
2021-02-26,69.24,69.58,68.11,68.13,4047932,69.14
2021-03-01,68.47,69.35,68.47,69.13,5150257,70.15
2021-03-02,69.24,69.57,68.49,68.6,3338786,69.61
2021-03-03,68.21,68.33,67.19,67.55,2657668,68.55
2021-03-04,69.29,69.29,66.97,67.23,4031084,68.22
2021-03-05,67.44,69.54,67.23,69.36,4811163,70.39
2021-03-08,69.29,70.32,69.09,69.15,3004031,70.17
2021-03-09,69.74,70.59,69.45,69.5,2893908,70.53
2021-03-10,69.97,70.4,69.31,69.8,2650829,70.83
2021-03-11,70.96,71.15,69.96,70.04,3734888,71.08
2021-03-12,69.51,70.72,69.51,70.22,3603970,71.26
2021-03-15,70.61,71.62,70.25,71.33,3650410,72.38
2021-03-16,71.82,72.38,71.07,71.15,2926106,72.2
2021-03-17,71.35,71.59,70.57,71.25,4587925,72.3
2021-03-18,71.61,71.67,70.62,70.69,3197763,71.74
2021-03-19,70.42,71.19,70.36,70.9,6713704,71.95
2021-03-22,70.62,71.15,70.11,70.92,3925339,71.97
2021-03-23,71.09,71.41,70.47,70.68,2262369,71.73
2021-03-24,70.37,71.55,70.31,70.78,2652956,71.83
2021-03-25,70.83,71.35,70.3,71.23,1848208,72.28
2021-03-26,71.15,71.41,70.7,71.37,1812129,72.43
2021-03-29,71.28,71.93,70.8,71.43,1939970,72.49
2021-03-30,71.09,71.42,70.03,70.6,1816260,71.64
2021-03-31,70.61,71.42,70.26,70.83,2614900,71.88
2021-04-01,70.93,72.17,70.7,71.86,2238337,72.92
2021-04-05,71.84,72.67,71.84,72.4,2271446,73.25
2021-04-06,72.4,72.7,70.93,71.35,2349249,72.19
2021-04-07,71.28,71.72,71.21,71.42,1903097,72.26
2021-04-08,71.89,72.06,71.22,71.36,2312292,72.2
2021-04-09,71.53,72.28,71.36,71.95,2600429,72.79
2021-04-12,71.91,72.97,71.89,72.72,2671267,73.57
2021-04-13,72.5,73.26,72.42,73.16,1920479,74.02
2021-04-14,73.24,73.62,72.54,72.97,3098721,73.83
2021-04-15,73.19,74.28,73.17,73.66,2084132,74.52
2021-04-16,73.49,74.62,73.45,74.44,6608002,75.31
2021-04-19,74.52,74.54,73.52,73.81,1786522,74.68
2021-04-20,73.83,74.86,73.76,74.45,1747672,75.32
2021-04-21,74.63,75.25,74.5,75.01,2813550,75.89
2021-04-22,75.12,75.48,74.61,75.06,2180550,75.94
2021-04-23,74.98,75.1,74.33,74.68,1433823,75.56
2021-04-26,74.67,75,73.94,74.73,1506009,75.61
2021-04-27,74.4,75.06,74.06,74.63,1633779,75.51
2021-04-28,74.96,75.13,73.88,74.1,1900922,74.97
2021-04-29,74.1,74.49,73.68,74.47,1768489,75.34
2021-04-30,74.11,74.69,73.65,74.18,2496508,75.05
2021-05-03,74.33,75.18,74.3,75.11,2997343,75.99
2021-05-04,74.85,74.86,74.14,74.61,3255820,75.48
2021-05-05,71.75,73.77,70.99,73.74,6045986,74.6
2021-05-06,73.76,74.65,73.54,74.3,2606981,75.17
2021-05-07,74.15,76.32,73.95,75.79,4175415,76.68
2021-05-10,77.42,78.3,76.42,76.45,5193578,77.35
2021-05-11,76.64,76.89,75.22,75.8,3608952,76.69
2021-05-12,75.66,76.12,75.36,75.43,3318279,76.31
2021-05-13,75.26,76.26,75.12,75.98,2469864,76.87
2021-05-14,76.61,76.72,75.9,75.91,2232759,76.8
2021-05-17,75.91,76.45,75.53,75.61,2476712,76.5
2021-05-18,75.78,77.55,75.62,77.02,3983856,77.92
2021-05-19,76.71,77.59,76.29,77.52,2998928,78.43
2021-05-20,77.35,78.1,77.17,77.55,3052145,78.46
2021-05-21,77.87,78.32,76.59,76.63,3250802,77.53
2021-05-24,77.07,77.1,76.06,76.11,2960646,77
2021-05-25,76.21,78.21,75.85,77.21,6631074,78.12
2021-05-26,77.37,78.46,77.1,78.11,4966120,79.03
2021-05-27,78.31,78.58,77.31,77.38,2824278,78.29
2021-05-28,77.87,78.16,77.32,77.34,2229701,78.25
2021-06-01,77.49,77.75,76.63,77,2053023,77.9
2021-06-02,76.9,77.61,76.79,77.15,3446510,78.05
2021-06-03,76.98,79.4,76.94,79.33,4206502,80.26
2021-06-04,79.42,80.48,79.06,79.42,3467835,80.35
2021-06-07,79.51,79.78,78.38,78.61,3481933,79.53
2021-06-08,78.61,79.37,78.33,78.57,2207466,79.49
2021-06-09,78.72,79.39,78.72,79.1,2590190,80.03
2021-06-10,79.25,80.24,78.9,80.14,2939509,81.08
2021-06-11,80.14,80.62,79.62,80.33,3721010,81.27
2021-06-14,80.06,80.15,78.74,79.75,2895132,80.69
2021-06-15,80,80.19,79.17,79.31,2242834,80.24
2021-06-16,79.31,79.43,78.13,78.38,2841109,79.3
2021-06-17,78.31,78.49,77.78,78.02,4144448,78.93
2021-06-18,77.76,78.46,77.55,77.89,6806338,78.8
2021-06-21,77.88,78.66,77.4,78.56,2234909,79.48
2021-06-22,78.64,78.72,77.92,78.15,1832463,79.07
2021-06-23,78.04,78.04,76.88,77.23,1785277,78.14
2021-06-24,77.31,77.92,77.17,77.37,1799719,78.28
2021-06-25,77.34,78.56,77.22,77.76,14183931,78.45
2021-06-28,77.82,78.32,77.61,77.81,2972032,78.5
2021-06-29,77.97,78.29,77.26,77.67,4604946,78.36
2021-06-30,77.81,78.06,76.99,77.47,1979966,78.16
2021-07-01,77.35,78.05,77.35,77.8,4341241,78.49
2021-07-02,77.92,78.88,77.76,78.76,4949901,79.46
2021-07-06,78.94,79.24,78.05,78.86,3360396,79.56
2021-07-07,79.37,79.61,78.94,79.51,3756569,80.22
2021-07-08,79.08,79.68,78.67,79.04,2391926,79.74
2021-07-09,78.78,79.33,78.73,78.87,2714229,79.57
2021-07-12,78.9,79.54,78.73,79.31,1820906,80.01
2021-07-13,79.38,79.7,78.89,79.02,1644933,79.72
2021-07-14,79.16,79.16,78.5,78.92,1452982,79.62
2021-07-15,78.71,79.01,78.29,78.8,1715220,79.5
2021-07-16,78.99,78.99,76.24,76.78,4826621,77.46
2021-07-19,76.93,77.18,75.4,76.04,3228272,76.72
2021-07-20,76.21,78.02,76.17,77.12,2890882,77.81
2021-07-21,77.04,77.38,76.47,77.01,1766181,77.69
2021-07-22,77.18,77.51,76.88,77.37,1998316,78.06
2021-07-23,76.75,77.86,76.66,77.72,2228353,78.41
2021-07-26,77.62,78.14,76.99,77.6,2461483,78.29
2021-07-27,77.79,78.79,77.61,78.65,2898484,79.35
2021-07-28,78.43,78.77,77.99,78.07,4204167,78.76
2021-07-29,76.9,78.66,76.9,77.84,2989103,78.53
2021-07-30,79.32,80.1,78.52,79.68,3539762,80.39
2021-08-02,79.36,79.51,78.74,79.4,2034948,80.11
2021-08-03,79.4,81.25,79.23,81.19,2447284,81.91
2021-08-04,81.19,81.28,79.36,79.38,2332765,80.09
2021-08-05,79.66,79.75,78.56,79.2,1651620,79.9
2021-08-06,79.3,79.69,79,79.3,1454503,80
2021-08-09,79.29,79.52,78.87,79.3,2006157,80
2021-08-10,79.51,79.51,78.02,78.4,1586395,79.1
2021-08-11,78.73,79.12,78.47,78.78,1148727,79.48
2021-08-12,78.62,79.22,78.62,78.84,1306390,79.54
2021-08-13,78.86,79.28,78.51,78.93,942224,79.63
2021-08-16,79.07,79.62,78.9,79.44,1405596,80.15
2021-08-17,79.16,80.14,79.06,80.07,1531219,80.78
2021-08-18,80.24,80.26,78.6,78.66,1913308,79.36
2021-08-19,78.77,79.64,78.27,78.92,1722611,79.62
2021-08-20,79.19,79.47,78.06,78.26,2796132,78.96
2021-08-23,78.38,78.38,76.93,77.23,2529518,77.92
2021-08-24,77.16,77.28,76.31,76.51,1989542,77.19
2021-08-25,76.51,76.68,75.07,75.84,3578929,76.51
2021-08-26,75.68,75.98,75.16,75.4,1761866,76.07
2021-08-27,75.42,76.32,75.3,76.16,1569144,76.84
2021-08-30,76.16,76.47,75.48,75.55,1171652,76.22
2021-08-31,75.45,76.07,75.09,75.68,2388810,76.35
2021-09-01,75.88,75.96,74.87,75.41,1490822,76.08
2021-09-02,75.59,75.65,74.9,75.63,1464491,76.3
2021-09-03,75.16,75.67,74.79,75.02,2255431,75.69
2021-09-07,75.1,75.98,74.9,75.12,2228400,75.79
2021-09-08,75.39,75.52,74.84,75,1936052,75.67
2021-09-09,74.99,75.52,74.37,74.39,1638140,75.05
2021-09-10,74.34,74.58,73.3,73.79,1863574,74.45
2021-09-13,73.85,74.05,73.13,73.84,2144957,74.5
2021-09-14,74.29,74.3,72.9,73.27,2266202,73.92
2021-09-15,73.24,74.28,73.22,73.58,3099781,74.23
2021-09-16,73.5,73.74,72.32,73.37,2556710,74.02
2021-09-17,73.4,75.01,73.27,74.38,11617531,75.04
2021-09-20,74.28,74.49,72.6,73.04,2620023,73.69
2021-09-21,73.12,73.66,72.68,72.7,1872547,73.35
2021-09-22,72.93,72.95,72.22,72.32,1678382,72.96
2021-09-23,72.39,73.1,72.25,72.53,2235204,73.17
2021-09-24,72.6,73.01,72.28,72.56,1782935,72.98
2021-09-27,72.04,73.05,71.45,71.62,1784712,72.04
2021-09-28,71.28,71.78,70.34,70.78,5032153,71.19
2021-09-29,70.86,71.62,70.58,70.72,1872317,71.13
2021-09-30,70.92,71.37,69.74,70.11,4031379,70.52
2021-10-01,70.43,70.43,69.5,69.93,2622921,70.34
2021-10-04,69.88,70.63,69.17,69.78,3616663,70.19
2021-10-05,69.67,70.43,69.33,69.53,2964472,69.94
2021-10-06,69.21,70.25,68.68,70.21,3533721,70.62
2021-10-07,70.44,71.07,70.2,70.33,2606377,70.74
2021-10-08,70.65,71.08,70.09,70.66,2169472,71.07
2021-10-11,70.48,70.94,70.17,70.18,2313290,70.59
2021-10-12,70.15,70.51,69.58,69.83,2254512,70.24
2021-10-13,70.02,70.45,69.54,70.29,2440398,70.7
2021-10-14,70.58,71.53,70.46,71.3,2620366,71.72
2021-10-15,71.39,71.88,70.96,71,9193434,71.42
2021-10-18,70.85,70.91,69.6,69.71,1920310,70.12
2021-10-19,69.96,71.19,69.86,70.99,1817593,71.41
2021-10-20,71.12,72,71.05,71.64,2895303,72.06
2021-10-21,71.75,71.75,71.24,71.45,1346581,71.87
2021-10-22,71.64,72.06,71.31,71.39,1776426,71.81
2021-10-25,71.24,71.48,70.51,71.21,2206284,71.63
2021-10-26,71.41,71.86,71.05,71.53,1842545,71.95
2021-10-27,71.68,71.82,69.28,69.48,2878958,69.89
2021-10-28,69.53,70.52,69.45,70.26,3871766,70.67
2021-10-29,72.63,75.06,71.52,73.86,5127691,74.29
2021-11-01,73.78,75.91,73.37,75.84,3274826,76.28
2021-11-02,75.92,76.63,75.16,76.22,2579138,76.67
2021-11-03,76.22,77.81,76.07,77.78,3276114,78.24
2021-11-04,77.73,77.79,75.01,75.25,3521327,75.69
2021-11-05,75.34,76.31,74.86,75.09,2905641,75.53
2021-11-08,74.74,74.81,73.82,74.03,2270092,74.46
2021-11-09,74.04,74.38,73.34,73.73,1884589,74.16
2021-11-10,73.87,74.65,73.81,73.93,1808053,74.36
2021-11-11,73.69,74.35,73.39,74.2,1494021,74.63
2021-11-12,74.59,74.87,74.26,74.57,1723435,75.01
2021-11-15,74.19,74.88,73.31,73.48,2119491,73.91
2021-11-16,73.78,74.3,73.47,73.68,2159017,74.11
2021-11-17,73.33,74.45,72.68,73.89,2140845,74.32
2021-11-18,73.94,73.94,72.69,73.15,1978315,73.58
2021-11-19,73.39,74.07,72.23,72.32,2170602,72.74
2021-11-22,72.65,73.82,71.9,73.01,3959709,73.44
2021-11-23,72.92,73.67,72.58,73.5,2421887,73.93
2021-11-24,73.58,73.91,72.63,73.06,2674171,73.49
2021-11-26,73.21,73.7,71.69,71.88,1756057,72.3
2021-11-29,72.03,72.91,71.44,72.44,1966224,72.86
2021-11-30,73.08,73.08,69.66,70.04,6563202,70.45
2021-12-01,70.48,71.79,69.6,69.6,2593952,70.01
2021-12-02,69.92,71.8,69.69,71.45,3052640,71.87
2021-12-03,71.82,72.09,70.94,71.25,2542505,71.67
2021-12-06,71.8,72.88,71.29,72.57,2482389,72.99
2021-12-07,72.59,73.45,72.42,73.35,2154129,73.78
2021-12-08,73.57,75.14,73.35,74.76,2710558,75.2
2021-12-09,74.53,75.19,73.24,74.71,3284010,75.15
2021-12-10,74.97,75.04,73.34,73.94,3078702,74.37
2021-12-13,73.44,76.59,73.35,76.26,4667932,76.71
2021-12-14,76.08,77.1,75.85,76.81,4764955,77.26
2021-12-15,77.1,78.64,76.26,78.46,6130772,78.92
2021-12-16,78.54,80.25,78.44,79.03,6908229,79.49
2021-12-17,90.39,91.8,88.03,89.25,50800331,89.77
2021-12-20,89.48,90.34,89.12,89.96,43253411,90.49
2021-12-21,90.03,90.26,89.89,90.14,17924926,90.67
2021-12-22,90.08,91.83,90.06,91.26,11336009,91.79
2021-12-23,91.53,91.73,91.31,91.58,3104998,91.84
2021-12-27,91.64,92.06,91.46,91.98,5647268,92.25
2021-12-28,91.99,92.82,91.84,92.73,3525925,93
2021-12-29,92.73,92.98,92.5,92.92,3454813,93.19
2021-12-30,93.02,93.17,92.54,92.87,3004390,93.14
2021-12-31,92.92,92.93,92.57,92.6,2421669,92.87
2022-01-03,92.6,92.9,92.45,92.57,5394053,92.84
2022-01-04,92.57,92.72,92.23,92.37,6512188,92.64
2022-01-05,92.33,92.68,92.17,92.28,6538778,92.55
2022-01-06,92.28,92.42,92.01,92.09,5508457,92.36
2022-01-07,92.15,92.37,91.92,92.05,6942227,92.32
2022-01-10,92.07,92.19,91.89,92.03,5619818,92.3
2022-01-11,92.03,92.3,91.92,91.99,3429544,92.26
2022-01-12,92,92.08,91.74,91.93,5366093,92.2
2022-01-13,91.88,92.16,91.76,91.92,3548903,92.19
2022-01-14,91.92,92.18,91.77,91.94,6233289,92.21
2022-01-18,91.79,92.04,91.64,91.76,4709387,92.03
2022-01-19,91.79,91.94,91.49,91.51,4475875,91.77
2022-01-20,92.08,92.23,90.98,91.23,9914664,91.49
2022-01-21,91.59,91.81,91.23,91.44,5433604,91.7
2022-01-24,91.17,91.88,90.95,91.45,10532516,91.71
2022-01-25,91.24,91.34,90.91,91.11,5406577,91.37
2022-01-26,91.09,91.42,90.67,90.86,11523806,91.12
2022-01-27,90.84,91.32,90.84,91.12,6973578,91.38
2022-01-28,91.07,91.21,90.97,91.13,3913610,91.39
2022-01-31,91.06,91.23,90.68,90.94,6860356,91.2
2022-02-01,90.92,91.08,90.85,90.99,6841941,91.25
2022-02-02,90.96,91.74,90.94,91.63,6384119,91.89
2022-02-03,91.78,91.85,91.03,91.46,5274736,91.72
2022-02-04,91.3,91.5,91.05,91.2,4396426,91.46
2022-02-07,91.34,91.64,91.23,91.54,4167591,91.8
2022-02-08,91.55,91.94,91.45,91.78,3770754,92.05
2022-02-09,91.84,92.12,91.8,92.06,4460550,92.33
2022-02-10,91.93,92.16,91.63,91.93,6284262,92.2
2022-02-11,91.86,92.06,91.48,91.7,2576179,91.97
2022-02-14,91.6,91.69,91.21,91.4,5177761,91.66
2022-02-15,91.64,91.92,91.58,91.76,2888229,92.03
2022-02-16,91.65,92.01,91.38,91.65,4206117,91.92
2022-02-17,91.51,91.84,91.35,91.45,3491373,91.71
2022-02-18,91.45,91.63,91.04,91.19,8376284,91.45
2022-02-22,91.38,91.61,91.17,91.57,4349171,91.83
2022-02-23,92.79,93.08,92.53,92.89,8857719,93.16
2022-02-24,92.54,92.93,92.54,92.84,5495053,93.11
2022-02-25,93.12,93.15,92.88,93.14,2657716,93.41
2022-02-28,93,93.15,92.76,92.98,5823298,93.25
2022-03-01,93.01,93.21,92.93,93.03,3097029,93.3
2022-03-02,93.1,93.32,93.03,93.14,3406325,93.41
2022-03-03,93.23,93.36,93.03,93.1,6225354,93.37
2022-03-04,93.13,93.23,92.96,93.2,4360461,93.47
2022-03-07,93.2,93.2,92.8,92.81,4521303,93.08
2022-03-08,92.83,92.98,92.67,92.77,4845336,93.04
2022-03-09,92.8,93.03,92.77,92.83,3084400,93.1
2022-03-10,92.83,92.87,92.7,92.73,3744046,93
2022-03-11,93.04,93.19,92.99,93.13,2386419,93.4
2022-03-14,93.14,93.31,93.03,93.16,3519288,93.43
2022-03-15,93.21,93.45,92.92,93.33,3378958,93.6
2022-03-16,93.33,93.38,93.16,93.3,4055862,93.57
2022-03-17,93.24,93.51,93.23,93.51,2420129,93.78
2022-03-18,93.41,93.48,93.23,93.37,4579034,93.64
2022-03-21,93.42,93.6,92.94,93.34,1627105,93.61
2022-03-22,93.35,93.49,93.33,93.38,2157072,93.65
2022-03-23,93.33,93.4,93.23,93.32,2302444,93.59
2022-03-24,93.32,93.46,93.28,93.38,2440388,93.65
2022-03-25,93.6,93.745,93.51,93.62,2610078,93.62
2022-03-28,93.62,93.74,93.57,93.62,2425895,93.62
2022-03-29,93.67,93.77,93.55,93.59,2564804,93.59
2022-03-30,93.67,93.72,93.555,93.65,2886829,93.65
2022-03-31,93.61,93.635,93.56,93.56,2874728,93.56
2022-04-01,93.67,93.705,93.44,93.49,3563625,93.49
2022-04-04,93.5,93.54,93.23,93.29,4080546,93.29
2022-04-05,93.31,93.49,93.05,93.14,3512611,93.14
2022-04-06,93.042,93.3,93.025,93.28,2579142,93.28
2022-04-07,93.27,93.535,93.22,93.49,1588581,93.49
2022-04-08,93.41,93.53,93.31,93.4,1311635,93.4
2022-04-11,93.33,93.37,93.01,93.1,2642126,93.1
2022-04-12,93.17,93.35,93.13,93.35,1514540,93.35
2022-04-13,93.35,93.47,93.26,93.35,1226400,93.35
2022-04-14,93.43,93.43,93.26,93.3,1451382,93.3
2022-04-18,93.3,93.36,93.15,93.31,1694767,93.31
2022-04-19,93.31,93.48,93.25,93.46,1513710,93.46
2022-04-20,93.345,93.5877,93.31,93.42,2664825,93.42
2022-04-21,93.43,93.54,93.34,93.34,1373686,93.34
2022-04-22,93.36,93.98,93.2586,93.7,4299524,93.7
2022-04-25,93.67,93.87,93.655,93.81,2708057,93.81
2022-04-26,93.72,93.86,93.58,93.61,3313989,93.61
2022-04-27,93.52,93.86,93.516,93.8,4570666,93.8
2022-04-28,93.73,93.88,93.71,93.79,1762307,93.79
2022-04-29,93.75,93.855,93.6,93.64,3361082,93.64
2022-05-02,93.65,93.85,93.555,93.82,2827541,93.82
2022-05-03,93.7,94.185,93.7,94.14,3668966,94.14
2022-05-04,93.9,94.46,93.9,94.37,4376137,94.37
2022-05-05,94.24,94.38,93.96,94.12,5050338,94.12
2022-05-06,94.12,94.25,93.905,94,4471931,94
2022-05-09,93.9,93.95,93.59,93.67,3815722,93.67
2022-05-10,93.73,94.16,93.73,94.14,3763352,94.14
2022-05-11,93.82,94.2,93.8,93.99,2994021,93.99
2022-05-12,93.98,94.22,93.79,94.2,2938290,94.2
2022-05-13,94.095,94.235,93.9,94.21,2794697,94.21
2022-05-16,94.12,94.43,94.07,94.11,3345752,94.11
2022-05-17,93.93,94.25,93.92,94.24,2763666,94.24
2022-05-18,94.15,94.2,93.95,93.97,2515607,93.97
2022-05-19,93.86,94.01,93.74,93.92,3694434,93.92
2022-05-20,93.85,94.07,93.745,93.93,2495539,93.93
2022-05-23,94,94.16,93.99,94.1,2126230,94.1
2022-05-24,94.18,94.74,94.135,94.44,4362398,94.44
2022-05-25,94.55,94.635,94.38,94.59,2342774,94.59
2022-05-26,94.47,94.59,94.47,94.55,1740236,94.55
2022-05-27,94.58,94.68,94.49,94.68,2966485,94.68
2022-05-31,94.6699,95.4,94.59,94.85,10639390,94.85
2022-06-01,94.83,94.87,94.67,94.69,3588543,94.69
2022-06-02,94.95,94.96,94.94,94.96,6275033,94.96
2022-06-03,94.95,94.97,94.95,94.97,4186001,94.97
2022-06-06,94.96,94.98,94.96,94.97,6356777,94.97
2022-06-07,94.98,94.99,94.92,94.92,58130051,94.92
